/home/paper219/Desktop/analysis/fullsample/projects/eureka/revisions/rev_0dadaea_ddcda44/rev_0dadaea-ddcda44/eureka-core/src/main/java/com/netflix/eureka/util/AwsAsgUtil.java;NONE
/home/paper219/Desktop/analysis/fullsample/projects/eureka/revisions/rev_a84be6a_08e0412/rev_a84be6a-08e0412/eureka-core/src/main/java/com/netflix/eureka/RemoteRegionRegistry.java;NONE
/home/paper219/Desktop/analysis/fullsample/projects/eureka/revisions/rev_a84be6a_08e0412/rev_a84be6a-08e0412/eureka-core/src/main/java/com/netflix/eureka/InstanceRegistry.java;NONE
/home/paper219/Desktop/analysis/fullsample/projects/eureka/revisions/rev_a84be6a_08e0412/rev_a84be6a-08e0412/eureka-core/src/main/java/com/netflix/eureka/InstanceRegistry.java;NONE
/home/paper219/Desktop/analysis/fullsample/projects/eureka/revisions/rev_a84be6a_08e0412/rev_a84be6a-08e0412/eureka-core/src/main/java/com/netflix/eureka/InstanceRegistry.java;NONE
/home/paper219/Desktop/analysis/fullsample/projects/eureka/revisions/rev_a84be6a_08e0412/rev_a84be6a-08e0412/eureka-core/src/main/java/com/netflix/eureka/InstanceRegistry.java;NONE
/home/paper219/Desktop/analysis/fullsample/projects/eureka/revisions/rev_a84be6a_08e0412/rev_a84be6a-08e0412/eureka-core/src/main/java/com/netflix/eureka/InstanceRegistry.java;NONE
/home/paper219/Desktop/analysis/fullsample/projects/eureka/revisions/rev_a84be6a_08e0412/rev_a84be6a-08e0412/eureka-core/src/main/java/com/netflix/eureka/InstanceRegistry.java;NONE
/home/paper219/Desktop/analysis/fullsample/projects/eureka/revisions/rev_a84be6a_08e0412/rev_a84be6a-08e0412/eureka-core/src/main/java/com/netflix/eureka/InstanceRegistry.java;NONE
/home/paper219/Desktop/analysis/fullsample/projects/eureka/revisions/rev_a84be6a_08e0412/rev_a84be6a-08e0412/eureka-core/src/main/java/com/netflix/eureka/InstanceRegistry.java;NONE
/home/paper219/Desktop/analysis/fullsample/projects/eureka/revisions/rev_a84be6a_08e0412/rev_a84be6a-08e0412/eureka-core/src/main/java/com/netflix/eureka/InstanceRegistry.java;NONE
/home/paper219/Desktop/analysis/fullsample/projects/eureka/revisions/rev_a84be6a_08e0412/rev_a84be6a-08e0412/eureka-core/src/main/java/com/netflix/eureka/InstanceRegistry.java;NONE
/home/paper219/Desktop/analysis/fullsample/projects/eureka/revisions/rev_a84be6a_08e0412/rev_a84be6a-08e0412/eureka-core/src/main/java/com/netflix/eureka/InstanceRegistry.java;NONE
/home/paper219/Desktop/analysis/fullsample/projects/eureka/revisions/rev_a84be6a_08e0412/rev_a84be6a-08e0412/eureka-core/src/main/java/com/netflix/eureka/EurekaServerConfig.java;NONE
/home/paper219/Desktop/analysis/fullsample/projects/eureka/revisions/rev_a84be6a_08e0412/rev_a84be6a-08e0412/eureka-core/src/main/java/com/netflix/eureka/util/EurekaMonitors.java;NONE
/home/paper219/Desktop/analysis/fullsample/projects/eureka/revisions/rev_a84be6a_08e0412/rev_a84be6a-08e0412/eureka-core/src/main/java/com/netflix/eureka/PeerAwareInstanceRegistry.java;NONE
/home/paper219/Desktop/analysis/fullsample/projects/eureka/revisions/rev_a84be6a_08e0412/rev_a84be6a-08e0412/eureka-client/src/main/java/com/netflix/discovery/shared/Application.java;NONE
/home/paper219/Desktop/analysis/fullsample/projects/eureka/revisions/rev_a84be6a_08e0412/rev_a84be6a-08e0412/eureka-client/src/main/java/com/netflix/discovery/shared/Application.java;NONE
/home/paper219/Desktop/analysis/fullsample/projects/eureka/revisions/rev_a84be6a_08e0412/rev_a84be6a-08e0412/eureka-client/src/main/java/com/netflix/discovery/shared/Application.java;NONE
/home/paper219/Desktop/analysis/fullsample/projects/eureka/revisions/rev_a84be6a_08e0412/rev_a84be6a-08e0412/eureka-client/src/main/java/com/netflix/discovery/shared/Applications.java;NONE
/home/paper219/Desktop/analysis/fullsample/projects/eureka/revisions/rev_a84be6a_08e0412/rev_a84be6a-08e0412/eureka-client/src/main/java/com/netflix/discovery/DefaultEurekaClientConfig.java;NONE
/home/paper219/Desktop/analysis/fullsample/projects/eureka/revisions/rev_a84be6a_08e0412/rev_a84be6a-08e0412/eureka-client/src/main/java/com/netflix/discovery/EurekaClientConfig.java;NONE
/home/paper219/Desktop/analysis/fullsample/projects/eureka/revisions/rev_a84be6a_08e0412/rev_a84be6a-08e0412/eureka-client/src/main/java/com/netflix/discovery/DiscoveryClient.java;NONE
/home/paper219/Desktop/analysis/fullsample/projects/eureka/revisions/rev_a84be6a_08e0412/rev_a84be6a-08e0412/eureka-client/src/main/java/com/netflix/discovery/DiscoveryClient.java;NONE
/home/paper219/Desktop/analysis/fullsample/projects/eureka/revisions/rev_a84be6a_08e0412/rev_a84be6a-08e0412/eureka-client/src/main/java/com/netflix/discovery/DiscoveryClient.java;NONE
/home/paper219/Desktop/analysis/fullsample/projects/eureka/revisions/rev_a84be6a_08e0412/rev_a84be6a-08e0412/eureka-client/src/main/java/com/netflix/discovery/DiscoveryClient.java;NONE
/home/paper219/Desktop/analysis/fullsample/projects/eureka/revisions/rev_a84be6a_08e0412/rev_a84be6a-08e0412/eureka-client/src/main/java/com/netflix/discovery/DiscoveryClient.java;NONE
/home/paper219/Desktop/analysis/fullsample/projects/eureka/revisions/rev_a84be6a_08e0412/rev_a84be6a-08e0412/eureka-client/src/main/java/com/netflix/discovery/DiscoveryClient.java;NONE
/home/paper219/Desktop/analysis/fullsample/projects/eureka/revisions/rev_a84be6a_08e0412/rev_a84be6a-08e0412/eureka-client/src/main/java/com/netflix/discovery/DiscoveryClient.java;NONE
/home/paper219/Desktop/analysis/fullsample/projects/eureka/revisions/rev_a84be6a_08e0412/rev_a84be6a-08e0412/eureka-client/src/main/java/com/netflix/discovery/DiscoveryClient.java;NONE
/home/paper219/Desktop/analysis/fullsample/projects/eureka/revisions/rev_a84be6a_08e0412/rev_a84be6a-08e0412/eureka-client/src/main/java/com/netflix/discovery/DiscoveryClient.java;NONE
/home/paper219/Desktop/analysis/fullsample/projects/eureka/revisions/rev_a84be6a_08e0412/rev_a84be6a-08e0412/eureka-client/src/main/java/com/netflix/discovery/DiscoveryClient.java;NONE
/home/paper219/Desktop/analysis/fullsample/projects/eureka/revisions/rev_a84be6a_08e0412/rev_a84be6a-08e0412/eureka-client/src/main/java/com/netflix/discovery/DiscoveryClient.java;NONE
/home/paper219/Desktop/analysis/fullsample/projects/eureka/revisions/rev_a84be6a_08e0412/rev_a84be6a-08e0412/eureka-client/src/main/java/com/netflix/discovery/DiscoveryClient.java;NONE
/home/paper219/Desktop/analysis/fullsample/projects/eureka/revisions/rev_a84be6a_08e0412/rev_a84be6a-08e0412/eureka-client/src/main/java/com/netflix/discovery/DiscoveryClient.java;NONE
/home/paper219/Desktop/analysis/fullsample/projects/eureka/revisions/rev_a84be6a_08e0412/rev_a84be6a-08e0412/eureka-client/src/main/java/com/netflix/discovery/DiscoveryClient.java;NONE
/home/paper219/Desktop/analysis/fullsample/projects/eureka/revisions/rev_a84be6a_08e0412/rev_a84be6a-08e0412/eureka-client/src/main/java/com/netflix/discovery/DiscoveryClient.java;NONE
/home/paper219/Desktop/analysis/fullsample/projects/eureka/revisions/rev_a84be6a_08e0412/rev_a84be6a-08e0412/eureka-client/src/main/java/com/netflix/discovery/DiscoveryClient.java;NONE
/home/paper219/Desktop/analysis/fullsample/projects/eureka/revisions/rev_a84be6a_08e0412/rev_a84be6a-08e0412/eureka-client/src/main/java/com/netflix/discovery/DiscoveryClient.java;NONE
/home/paper219/Desktop/analysis/fullsample/projects/eureka/revisions/rev_a84be6a_08e0412/rev_a84be6a-08e0412/eureka-client/src/main/java/com/netflix/discovery/DiscoveryClient.java;NONE
/home/paper219/Desktop/analysis/fullsample/projects/eureka/revisions/rev_a84be6a_08e0412/rev_a84be6a-08e0412/eureka-client/src/main/java/com/netflix/discovery/DiscoveryClient.java;NONE
/home/paper219/Desktop/analysis/fullsample/projects/eureka/revisions/rev_a84be6a_08e0412/rev_a84be6a-08e0412/eureka-client/src/main/java/com/netflix/discovery/DiscoveryClient.java;NONE
/home/paper219/Desktop/analysis/fullsample/projects/eureka/revisions/rev_a84be6a_08e0412/rev_a84be6a-08e0412/eureka-client/src/main/java/com/netflix/discovery/DiscoveryClient.java;NONE
/home/paper219/Desktop/analysis/fullsample/projects/eureka/revisions/rev_a84be6a_08e0412/rev_a84be6a-08e0412/eureka-client/src/main/java/com/netflix/discovery/DiscoveryClient.java;NONE
/home/paper219/Desktop/analysis/fullsample/projects/eureka/revisions/rev_a84be6a_08e0412/rev_a84be6a-08e0412/eureka-client/src/main/java/com/netflix/discovery/DiscoveryClient.java;NONE
/home/paper219/Desktop/analysis/fullsample/projects/eureka/revisions/rev_a84be6a_08e0412/rev_a84be6a-08e0412/eureka-client/src/main/java/com/netflix/discovery/DiscoveryClient.java;NONE
/home/paper219/Desktop/analysis/fullsample/projects/eureka/revisions/rev_a84be6a_08e0412/rev_a84be6a-08e0412/eureka-client/src/main/java/com/netflix/discovery/DiscoveryClient.java;NONE
/home/paper219/Desktop/analysis/fullsample/projects/eureka/revisions/rev_a84be6a_08e0412/rev_a84be6a-08e0412/eureka-client/src/main/java/com/netflix/discovery/DiscoveryClient.java;NONE
/home/paper219/Desktop/analysis/fullsample/projects/eureka/revisions/rev_a84be6a_08e0412/rev_a84be6a-08e0412/eureka-client/src/main/java/com/netflix/discovery/DiscoveryClient.java;NONE
/home/paper219/Desktop/analysis/fullsample/projects/eureka/revisions/rev_a84be6a_08e0412/rev_a84be6a-08e0412/eureka-client/src/main/java/com/netflix/discovery/DiscoveryClient.java;NONE
/home/paper219/Desktop/analysis/fullsample/projects/eureka/revisions/rev_a84be6a_08e0412/rev_a84be6a-08e0412/eureka-client/src/main/java/com/netflix/discovery/DiscoveryClient.java;NONE
/home/paper219/Desktop/analysis/fullsample/projects/eureka/revisions/rev_a84be6a_08e0412/rev_a84be6a-08e0412/eureka-core/src/main/java/com/netflix/eureka/EurekaServerConfig.java;MINE
/home/paper219/Desktop/analysis/fullsample/projects/eureka/revisions/rev_a84be6a_08e0412/rev_a84be6a-08e0412/eureka-core/src/main/java/com/netflix/eureka/EurekaServerConfig.java;MINE
/home/paper219/Desktop/analysis/fullsample/projects/eureka/revisions/rev_a84be6a_08e0412/rev_a84be6a-08e0412/eureka-client/src/main/java/com/netflix/discovery/shared/Application.java;NONE
/home/paper219/Desktop/analysis/fullsample/projects/eureka/revisions/rev_a84be6a_08e0412/rev_a84be6a-08e0412/eureka-client/src/main/java/com/netflix/discovery/shared/Application.java;MINE
/home/paper219/Desktop/analysis/fullsample/projects/eureka/revisions/rev_a84be6a_08e0412/rev_a84be6a-08e0412/eureka-client/src/main/java/com/netflix/discovery/shared/Applications.java;NONE
/home/paper219/Desktop/analysis/fullsample/projects/eureka/revisions/rev_a84be6a_08e0412/rev_a84be6a-08e0412/eureka-client/src/main/java/com/netflix/discovery/shared/Applications.java;MINE
/home/paper219/Desktop/analysis/fullsample/projects/eureka/revisions/rev_a84be6a_08e0412/rev_a84be6a-08e0412/eureka-client/src/main/java/com/netflix/discovery/shared/Applications.java;MINE
/home/paper219/Desktop/analysis/fullsample/projects/eureka/revisions/rev_a84be6a_08e0412/rev_a84be6a-08e0412/eureka-client/src/main/java/com/netflix/discovery/EurekaClientConfig.java;MINE
/home/paper219/Desktop/analysis/fullsample/projects/eureka/revisions/rev_a84be6a_08e0412/rev_a84be6a-08e0412/eureka-client/src/main/java/com/netflix/discovery/DiscoveryClient.java;MINE
/home/paper219/Desktop/analysis/fullsample/projects/eureka/revisions/rev_a84be6a_08e0412/rev_a84be6a-08e0412/eureka-client/src/main/java/com/netflix/discovery/DiscoveryClient.java;MINE
/home/paper219/Desktop/analysis/fullsample/projects/eureka/revisions/rev_a84be6a_08e0412/rev_a84be6a-08e0412/eureka-client/src/main/java/com/netflix/discovery/DiscoveryClient.java;MINE
/home/paper219/Desktop/analysis/fullsample/projects/eureka/revisions/rev_a84be6a_08e0412/rev_a84be6a-08e0412/eureka-client/src/main/java/com/netflix/discovery/DiscoveryClient.java;MINE
/home/paper219/Desktop/analysis/fullsample/projects/eureka/revisions/rev_a84be6a_08e0412/rev_a84be6a-08e0412/eureka-client/src/main/java/com/netflix/discovery/DiscoveryClient.java;MINE
/home/paper219/Desktop/analysis/fullsample/projects/eureka/revisions/rev_b7e1825_f0dec22/rev_b7e1825-f0dec22/eureka-client/src/main/java/com/netflix/discovery/DiscoveryClient.java;NONE
/home/paper219/Desktop/analysis/fullsample/projects/eureka/revisions/rev_b7e1825_f0dec22/rev_b7e1825-f0dec22/eureka-client/src/test/java/com/netflix/discovery/DiscoveryClientDisableRegistryTest.java;NONE
/home/paper219/Desktop/analysis/fullsample/projects/eureka/revisions/rev_b7e1825_f0dec22/rev_b7e1825-f0dec22/eureka-client/src/test/java/com/netflix/discovery/MockRemoteEurekaServer.java;NONE
/home/paper219/Desktop/analysis/fullsample/projects/eureka/revisions/rev_b7e1825_f0dec22/rev_b7e1825-f0dec22/eureka-client/src/test/java/com/netflix/discovery/DiscoveryClientRegistryTest.java;YOURS
/home/paper219/Desktop/analysis/fullsample/projects/eureka/revisions/rev_526d3b1_6333a71/rev_526d3b1-6333a71/eureka-client/src/main/java/com/netflix/discovery/DiscoveryClient.java;NONE
/home/paper219/Desktop/analysis/fullsample/projects/eureka/revisions/rev_526d3b1_6333a71/rev_526d3b1-6333a71/eureka-client/src/main/java/com/netflix/discovery/DiscoveryClient.java;NONE
/home/paper219/Desktop/analysis/fullsample/projects/eureka/revisions/rev_526d3b1_6333a71/rev_526d3b1-6333a71/eureka-client/src/test/java/com/netflix/discovery/AbstractDiscoveryClientTester.java;NONE
/home/paper219/Desktop/analysis/fullsample/projects/eureka/revisions/rev_526d3b1_6333a71/rev_526d3b1-6333a71/eureka-client/src/test/java/com/netflix/discovery/AbstractDiscoveryClientTester.java;NONE
/home/paper219/Desktop/analysis/fullsample/projects/eureka/revisions/rev_526d3b1_6333a71/rev_526d3b1-6333a71/eureka-client/src/test/java/com/netflix/discovery/AbstractDiscoveryClientTester.java;NONE
/home/paper219/Desktop/analysis/fullsample/projects/eureka/revisions/rev_526d3b1_6333a71/rev_526d3b1-6333a71/eureka-client/src/test/java/com/netflix/discovery/AbstractDiscoveryClientTester.java;NONE
/home/paper219/Desktop/analysis/fullsample/projects/eureka/revisions/rev_526d3b1_6333a71/rev_526d3b1-6333a71/eureka-client/src/test/java/com/netflix/discovery/AbstractDiscoveryClientTester.java;NONE
/home/paper219/Desktop/analysis/fullsample/projects/eureka/revisions/rev_526d3b1_6333a71/rev_526d3b1-6333a71/eureka-client/src/test/java/com/netflix/discovery/AbstractDiscoveryClientTester.java;NONE
/home/paper219/Desktop/analysis/fullsample/projects/eureka/revisions/rev_526d3b1_6333a71/rev_526d3b1-6333a71/eureka-client/src/test/java/com/netflix/discovery/AbstractDiscoveryClientTester.java;NONE
/home/paper219/Desktop/analysis/fullsample/projects/eureka/revisions/rev_526d3b1_6333a71/rev_526d3b1-6333a71/eureka-client/src/test/java/com/netflix/discovery/AbstractDiscoveryClientTester.java;NONE
/home/paper219/Desktop/analysis/fullsample/projects/eureka/revisions/rev_526d3b1_6333a71/rev_526d3b1-6333a71/eureka-client/src/test/java/com/netflix/discovery/DiscoveryClientRegistryTest.java;NONE
/home/paper219/Desktop/analysis/fullsample/projects/eureka/revisions/rev_526d3b1_6333a71/rev_526d3b1-6333a71/eureka-client/src/test/java/com/netflix/discovery/DiscoveryClientRegistryTest.java;NONE
/home/paper219/Desktop/analysis/fullsample/projects/eureka/revisions/rev_526d3b1_6333a71/rev_526d3b1-6333a71/eureka-client/src/test/java/com/netflix/discovery/DiscoveryClientRegistryTest.java;NONE
/home/paper219/Desktop/analysis/fullsample/projects/eureka/revisions/rev_526d3b1_6333a71/rev_526d3b1-6333a71/eureka-client/src/test/java/com/netflix/discovery/DiscoveryClientRegistryTest.java;NONE
/home/paper219/Desktop/analysis/fullsample/projects/eureka/revisions/rev_526d3b1_6333a71/rev_526d3b1-6333a71/eureka-client/src/test/java/com/netflix/discovery/DiscoveryClientRegistryTest.java;NONE
/home/paper219/Desktop/analysis/fullsample/projects/eureka/revisions/rev_526d3b1_6333a71/rev_526d3b1-6333a71/eureka-client/src/main/java/com/netflix/discovery/DiscoveryClient.java;MINE
/home/paper219/Desktop/analysis/fullsample/projects/eureka/revisions/rev_526d3b1_6333a71/rev_526d3b1-6333a71/eureka-client/src/test/java/com/netflix/discovery/AbstractDiscoveryClientTester.java;MINE
/home/paper219/Desktop/analysis/fullsample/projects/eureka/revisions/rev_526d3b1_6333a71/rev_526d3b1-6333a71/eureka-client/src/test/java/com/netflix/discovery/AbstractDiscoveryClientTester.java;YOURS
/home/paper219/Desktop/analysis/fullsample/projects/eureka/revisions/rev_526d3b1_6333a71/rev_526d3b1-6333a71/eureka-client/src/test/java/com/netflix/discovery/DiscoveryClientRegistryTest.java;MINE
/home/paper219/Desktop/analysis/fullsample/projects/eureka/revisions/rev_526d3b1_6333a71/rev_526d3b1-6333a71/eureka-client/src/test/java/com/netflix/discovery/MockRemoteEurekaServer.java;MINE
/home/paper219/Desktop/analysis/fullsample/projects/eureka/revisions/rev_7afa7b0_9711533/rev_7afa7b0-9711533/eureka-core/src/main/java/com/netflix/eureka/ServerRequestAuthFilter.java;NONE
/home/paper219/Desktop/analysis/fullsample/projects/eureka/revisions/rev_7afa7b0_9711533/rev_7afa7b0-9711533/eureka-core/src/main/java/com/netflix/eureka/RemoteRegionRegistry.java;NONE
/home/paper219/Desktop/analysis/fullsample/projects/eureka/revisions/rev_7afa7b0_9711533/rev_7afa7b0-9711533/eureka-core/src/main/java/com/netflix/eureka/EurekaBootStrap.java;NONE
/home/paper219/Desktop/analysis/fullsample/projects/eureka/revisions/rev_7afa7b0_9711533/rev_7afa7b0-9711533/eureka-core/src/main/java/com/netflix/eureka/EurekaBootStrap.java;NONE
/home/paper219/Desktop/analysis/fullsample/projects/eureka/revisions/rev_7afa7b0_9711533/rev_7afa7b0-9711533/eureka-core/src/main/java/com/netflix/eureka/EurekaBootStrap.java;NONE
/home/paper219/Desktop/analysis/fullsample/projects/eureka/revisions/rev_7afa7b0_9711533/rev_7afa7b0-9711533/eureka-core/src/main/java/com/netflix/eureka/EurekaBootStrap.java;NONE
/home/paper219/Desktop/analysis/fullsample/projects/eureka/revisions/rev_7afa7b0_9711533/rev_7afa7b0-9711533/eureka-core/src/main/java/com/netflix/eureka/EurekaBootStrap.java;NONE
/home/paper219/Desktop/analysis/fullsample/projects/eureka/revisions/rev_7afa7b0_9711533/rev_7afa7b0-9711533/eureka-core/src/main/java/com/netflix/eureka/EurekaBootStrap.java;NONE
/home/paper219/Desktop/analysis/fullsample/projects/eureka/revisions/rev_7afa7b0_9711533/rev_7afa7b0-9711533/eureka-core/src/main/java/com/netflix/eureka/InstanceRegistry.java;NONE
/home/paper219/Desktop/analysis/fullsample/projects/eureka/revisions/rev_7afa7b0_9711533/rev_7afa7b0-9711533/eureka-core/src/main/java/com/netflix/eureka/InstanceRegistry.java;NONE
/home/paper219/Desktop/analysis/fullsample/projects/eureka/revisions/rev_7afa7b0_9711533/rev_7afa7b0-9711533/eureka-core/src/main/java/com/netflix/eureka/InstanceRegistry.java;NONE
/home/paper219/Desktop/analysis/fullsample/projects/eureka/revisions/rev_7afa7b0_9711533/rev_7afa7b0-9711533/eureka-core/src/main/java/com/netflix/eureka/InstanceRegistry.java;NONE
/home/paper219/Desktop/analysis/fullsample/projects/eureka/revisions/rev_7afa7b0_9711533/rev_7afa7b0-9711533/eureka-core/src/main/java/com/netflix/eureka/InstanceRegistry.java;NONE
/home/paper219/Desktop/analysis/fullsample/projects/eureka/revisions/rev_7afa7b0_9711533/rev_7afa7b0-9711533/eureka-core/src/main/java/com/netflix/eureka/InstanceRegistry.java;NONE
/home/paper219/Desktop/analysis/fullsample/projects/eureka/revisions/rev_7afa7b0_9711533/rev_7afa7b0-9711533/eureka-core/src/main/java/com/netflix/eureka/InstanceRegistry.java;NONE
/home/paper219/Desktop/analysis/fullsample/projects/eureka/revisions/rev_7afa7b0_9711533/rev_7afa7b0-9711533/eureka-core/src/main/java/com/netflix/eureka/InstanceRegistry.java;NONE
/home/paper219/Desktop/analysis/fullsample/projects/eureka/revisions/rev_7afa7b0_9711533/rev_7afa7b0-9711533/eureka-core/src/main/java/com/netflix/eureka/InstanceRegistry.java;NONE
/home/paper219/Desktop/analysis/fullsample/projects/eureka/revisions/rev_7afa7b0_9711533/rev_7afa7b0-9711533/eureka-core/src/main/java/com/netflix/eureka/InstanceRegistry.java;NONE
/home/paper219/Desktop/analysis/fullsample/projects/eureka/revisions/rev_7afa7b0_9711533/rev_7afa7b0-9711533/eureka-core/src/main/java/com/netflix/eureka/InstanceRegistry.java;NONE
/home/paper219/Desktop/analysis/fullsample/projects/eureka/revisions/rev_7afa7b0_9711533/rev_7afa7b0-9711533/eureka-core/src/main/java/com/netflix/eureka/InstanceRegistry.java;NONE
/home/paper219/Desktop/analysis/fullsample/projects/eureka/revisions/rev_7afa7b0_9711533/rev_7afa7b0-9711533/eureka-core/src/main/java/com/netflix/eureka/InstanceRegistry.java;NONE
/home/paper219/Desktop/analysis/fullsample/projects/eureka/revisions/rev_7afa7b0_9711533/rev_7afa7b0-9711533/eureka-core/src/main/java/com/netflix/eureka/InstanceRegistry.java;NONE
/home/paper219/Desktop/analysis/fullsample/projects/eureka/revisions/rev_7afa7b0_9711533/rev_7afa7b0-9711533/eureka-core/src/main/java/com/netflix/eureka/InstanceRegistry.java;NONE
/home/paper219/Desktop/analysis/fullsample/projects/eureka/revisions/rev_7afa7b0_9711533/rev_7afa7b0-9711533/eureka-core/src/main/java/com/netflix/eureka/InstanceRegistry.java;NONE
/home/paper219/Desktop/analysis/fullsample/projects/eureka/revisions/rev_7afa7b0_9711533/rev_7afa7b0-9711533/eureka-core/src/main/java/com/netflix/eureka/InstanceRegistry.java;NONE
/home/paper219/Desktop/analysis/fullsample/projects/eureka/revisions/rev_7afa7b0_9711533/rev_7afa7b0-9711533/eureka-core/src/main/java/com/netflix/eureka/InstanceRegistry.java;NONE
/home/paper219/Desktop/analysis/fullsample/projects/eureka/revisions/rev_7afa7b0_9711533/rev_7afa7b0-9711533/eureka-core/src/main/java/com/netflix/eureka/InstanceRegistry.java;NONE
/home/paper219/Desktop/analysis/fullsample/projects/eureka/revisions/rev_7afa7b0_9711533/rev_7afa7b0-9711533/eureka-core/src/main/java/com/netflix/eureka/InstanceRegistry.java;NONE
/home/paper219/Desktop/analysis/fullsample/projects/eureka/revisions/rev_7afa7b0_9711533/rev_7afa7b0-9711533/eureka-core/src/main/java/com/netflix/eureka/InstanceRegistry.java;NONE
/home/paper219/Desktop/analysis/fullsample/projects/eureka/revisions/rev_7afa7b0_9711533/rev_7afa7b0-9711533/eureka-core/src/main/java/com/netflix/eureka/InstanceRegistry.java;NONE
/home/paper219/Desktop/analysis/fullsample/projects/eureka/revisions/rev_7afa7b0_9711533/rev_7afa7b0-9711533/eureka-core/src/main/java/com/netflix/eureka/InstanceRegistry.java;NONE
/home/paper219/Desktop/analysis/fullsample/projects/eureka/revisions/rev_7afa7b0_9711533/rev_7afa7b0-9711533/eureka-core/src/main/java/com/netflix/eureka/InstanceRegistry.java;NONE
/home/paper219/Desktop/analysis/fullsample/projects/eureka/revisions/rev_7afa7b0_9711533/rev_7afa7b0-9711533/eureka-core/src/main/java/com/netflix/eureka/InstanceRegistry.java;NONE
/home/paper219/Desktop/analysis/fullsample/projects/eureka/revisions/rev_7afa7b0_9711533/rev_7afa7b0-9711533/eureka-core/src/main/java/com/netflix/eureka/InstanceRegistry.java;NONE
/home/paper219/Desktop/analysis/fullsample/projects/eureka/revisions/rev_7afa7b0_9711533/rev_7afa7b0-9711533/eureka-core/src/main/java/com/netflix/eureka/InstanceRegistry.java;NONE
/home/paper219/Desktop/analysis/fullsample/projects/eureka/revisions/rev_7afa7b0_9711533/rev_7afa7b0-9711533/eureka-core/src/main/java/com/netflix/eureka/cluster/PeerEurekaNode.java;NONE
/home/paper219/Desktop/analysis/fullsample/projects/eureka/revisions/rev_7afa7b0_9711533/rev_7afa7b0-9711533/eureka-core/src/main/java/com/netflix/eureka/cluster/PeerEurekaNode.java;NONE
/home/paper219/Desktop/analysis/fullsample/projects/eureka/revisions/rev_7afa7b0_9711533/rev_7afa7b0-9711533/eureka-core/src/main/java/com/netflix/eureka/cluster/PeerEurekaNode.java;NONE
/home/paper219/Desktop/analysis/fullsample/projects/eureka/revisions/rev_7afa7b0_9711533/rev_7afa7b0-9711533/eureka-core/src/main/java/com/netflix/eureka/cluster/PeerEurekaNode.java;NONE
/home/paper219/Desktop/analysis/fullsample/projects/eureka/revisions/rev_7afa7b0_9711533/rev_7afa7b0-9711533/eureka-core/src/main/java/com/netflix/eureka/cluster/PeerEurekaNode.java;NONE
/home/paper219/Desktop/analysis/fullsample/projects/eureka/revisions/rev_7afa7b0_9711533/rev_7afa7b0-9711533/eureka-core/src/main/java/com/netflix/eureka/cluster/PeerEurekaNode.java;NONE
/home/paper219/Desktop/analysis/fullsample/projects/eureka/revisions/rev_7afa7b0_9711533/rev_7afa7b0-9711533/eureka-core/src/main/java/com/netflix/eureka/cluster/PeerEurekaNode.java;NONE
/home/paper219/Desktop/analysis/fullsample/projects/eureka/revisions/rev_7afa7b0_9711533/rev_7afa7b0-9711533/eureka-core/src/main/java/com/netflix/eureka/cluster/PeerEurekaNode.java;NONE
/home/paper219/Desktop/analysis/fullsample/projects/eureka/revisions/rev_7afa7b0_9711533/rev_7afa7b0-9711533/eureka-core/src/main/java/com/netflix/eureka/cluster/PeerEurekaNode.java;NONE
/home/paper219/Desktop/analysis/fullsample/projects/eureka/revisions/rev_7afa7b0_9711533/rev_7afa7b0-9711533/eureka-core/src/main/java/com/netflix/eureka/cluster/PeerEurekaNode.java;NONE
/home/paper219/Desktop/analysis/fullsample/projects/eureka/revisions/rev_7afa7b0_9711533/rev_7afa7b0-9711533/eureka-core/src/main/java/com/netflix/eureka/cluster/PeerEurekaNode.java;NONE
/home/paper219/Desktop/analysis/fullsample/projects/eureka/revisions/rev_7afa7b0_9711533/rev_7afa7b0-9711533/eureka-core/src/main/java/com/netflix/eureka/cluster/PeerEurekaNode.java;NONE
/home/paper219/Desktop/analysis/fullsample/projects/eureka/revisions/rev_7afa7b0_9711533/rev_7afa7b0-9711533/eureka-core/src/main/java/com/netflix/eureka/cluster/PeerEurekaNode.java;NONE
/home/paper219/Desktop/analysis/fullsample/projects/eureka/revisions/rev_7afa7b0_9711533/rev_7afa7b0-9711533/eureka-core/src/main/java/com/netflix/eureka/cluster/PeerEurekaNode.java;NONE
/home/paper219/Desktop/analysis/fullsample/projects/eureka/revisions/rev_7afa7b0_9711533/rev_7afa7b0-9711533/eureka-core/src/main/java/com/netflix/eureka/cluster/PeerEurekaNode.java;NONE
/home/paper219/Desktop/analysis/fullsample/projects/eureka/revisions/rev_7afa7b0_9711533/rev_7afa7b0-9711533/eureka-core/src/main/java/com/netflix/eureka/cluster/PeerEurekaNode.java;NONE
/home/paper219/Desktop/analysis/fullsample/projects/eureka/revisions/rev_7afa7b0_9711533/rev_7afa7b0-9711533/eureka-core/src/main/java/com/netflix/eureka/cluster/PeerEurekaNode.java;NONE
/home/paper219/Desktop/analysis/fullsample/projects/eureka/revisions/rev_7afa7b0_9711533/rev_7afa7b0-9711533/eureka-core/src/main/java/com/netflix/eureka/cluster/PeerEurekaNode.java;NONE
/home/paper219/Desktop/analysis/fullsample/projects/eureka/revisions/rev_7afa7b0_9711533/rev_7afa7b0-9711533/eureka-core/src/main/java/com/netflix/eureka/cluster/PeerEurekaNode.java;NONE
/home/paper219/Desktop/analysis/fullsample/projects/eureka/revisions/rev_7afa7b0_9711533/rev_7afa7b0-9711533/eureka-core/src/main/java/com/netflix/eureka/cluster/PeerEurekaNode.java;NONE
/home/paper219/Desktop/analysis/fullsample/projects/eureka/revisions/rev_7afa7b0_9711533/rev_7afa7b0-9711533/eureka-core/src/main/java/com/netflix/eureka/cluster/PeerEurekaNode.java;NONE
/home/paper219/Desktop/analysis/fullsample/projects/eureka/revisions/rev_7afa7b0_9711533/rev_7afa7b0-9711533/eureka-core/src/main/java/com/netflix/eureka/cluster/PeerEurekaNode.java;NONE
/home/paper219/Desktop/analysis/fullsample/projects/eureka/revisions/rev_7afa7b0_9711533/rev_7afa7b0-9711533/eureka-core/src/main/java/com/netflix/eureka/cluster/PeerEurekaNode.java;NONE
/home/paper219/Desktop/analysis/fullsample/projects/eureka/revisions/rev_7afa7b0_9711533/rev_7afa7b0-9711533/eureka-core/src/main/java/com/netflix/eureka/cluster/PeerEurekaNode.java;NONE
/home/paper219/Desktop/analysis/fullsample/projects/eureka/revisions/rev_7afa7b0_9711533/rev_7afa7b0-9711533/eureka-core/src/main/java/com/netflix/eureka/cluster/PeerEurekaNode.java;NONE
/home/paper219/Desktop/analysis/fullsample/projects/eureka/revisions/rev_7afa7b0_9711533/rev_7afa7b0-9711533/eureka-core/src/main/java/com/netflix/eureka/cluster/PeerEurekaNode.java;NONE
/home/paper219/Desktop/analysis/fullsample/projects/eureka/revisions/rev_7afa7b0_9711533/rev_7afa7b0-9711533/eureka-core/src/main/java/com/netflix/eureka/cluster/PeerEurekaNode.java;NONE
/home/paper219/Desktop/analysis/fullsample/projects/eureka/revisions/rev_7afa7b0_9711533/rev_7afa7b0-9711533/eureka-core/src/main/java/com/netflix/eureka/cluster/PeerEurekaNode.java;NONE
/home/paper219/Desktop/analysis/fullsample/projects/eureka/revisions/rev_7afa7b0_9711533/rev_7afa7b0-9711533/eureka-core/src/main/java/com/netflix/eureka/cluster/PeerEurekaNode.java;NONE
/home/paper219/Desktop/analysis/fullsample/projects/eureka/revisions/rev_7afa7b0_9711533/rev_7afa7b0-9711533/eureka-core/src/main/java/com/netflix/eureka/cluster/PeerEurekaNode.java;NONE
/home/paper219/Desktop/analysis/fullsample/projects/eureka/revisions/rev_7afa7b0_9711533/rev_7afa7b0-9711533/eureka-core/src/main/java/com/netflix/eureka/cluster/PeerEurekaNode.java;NONE
/home/paper219/Desktop/analysis/fullsample/projects/eureka/revisions/rev_7afa7b0_9711533/rev_7afa7b0-9711533/eureka-core/src/main/java/com/netflix/eureka/cluster/PeerEurekaNode.java;NONE
/home/paper219/Desktop/analysis/fullsample/projects/eureka/revisions/rev_7afa7b0_9711533/rev_7afa7b0-9711533/eureka-core/src/main/java/com/netflix/eureka/cluster/PeerEurekaNode.java;NONE
/home/paper219/Desktop/analysis/fullsample/projects/eureka/revisions/rev_7afa7b0_9711533/rev_7afa7b0-9711533/eureka-core/src/main/java/com/netflix/eureka/util/EIPManager.java;NONE
/home/paper219/Desktop/analysis/fullsample/projects/eureka/revisions/rev_7afa7b0_9711533/rev_7afa7b0-9711533/eureka-core/src/main/java/com/netflix/eureka/util/EIPManager.java;NONE
/home/paper219/Desktop/analysis/fullsample/projects/eureka/revisions/rev_7afa7b0_9711533/rev_7afa7b0-9711533/eureka-core/src/main/java/com/netflix/eureka/util/EIPManager.java;NONE
/home/paper219/Desktop/analysis/fullsample/projects/eureka/revisions/rev_7afa7b0_9711533/rev_7afa7b0-9711533/eureka-core/src/main/java/com/netflix/eureka/util/EIPManager.java;NONE
/home/paper219/Desktop/analysis/fullsample/projects/eureka/revisions/rev_7afa7b0_9711533/rev_7afa7b0-9711533/eureka-core/src/main/java/com/netflix/eureka/util/EIPManager.java;NONE
/home/paper219/Desktop/analysis/fullsample/projects/eureka/revisions/rev_7afa7b0_9711533/rev_7afa7b0-9711533/eureka-core/src/main/java/com/netflix/eureka/util/EIPManager.java;NONE
/home/paper219/Desktop/analysis/fullsample/projects/eureka/revisions/rev_7afa7b0_9711533/rev_7afa7b0-9711533/eureka-core/src/main/java/com/netflix/eureka/util/EIPManager.java;NONE
/home/paper219/Desktop/analysis/fullsample/projects/eureka/revisions/rev_7afa7b0_9711533/rev_7afa7b0-9711533/eureka-core/src/main/java/com/netflix/eureka/util/EIPManager.java;NONE
/home/paper219/Desktop/analysis/fullsample/projects/eureka/revisions/rev_7afa7b0_9711533/rev_7afa7b0-9711533/eureka-core/src/main/java/com/netflix/eureka/util/EIPManager.java;NONE
/home/paper219/Desktop/analysis/fullsample/projects/eureka/revisions/rev_7afa7b0_9711533/rev_7afa7b0-9711533/eureka-core/src/main/java/com/netflix/eureka/util/EIPManager.java;NONE
/home/paper219/Desktop/analysis/fullsample/projects/eureka/revisions/rev_7afa7b0_9711533/rev_7afa7b0-9711533/eureka-core/src/main/java/com/netflix/eureka/util/EIPManager.java;NONE
/home/paper219/Desktop/analysis/fullsample/projects/eureka/revisions/rev_7afa7b0_9711533/rev_7afa7b0-9711533/eureka-core/src/main/java/com/netflix/eureka/util/EIPManager.java;NONE
/home/paper219/Desktop/analysis/fullsample/projects/eureka/revisions/rev_7afa7b0_9711533/rev_7afa7b0-9711533/eureka-core/src/main/java/com/netflix/eureka/util/EIPManager.java;NONE
/home/paper219/Desktop/analysis/fullsample/projects/eureka/revisions/rev_7afa7b0_9711533/rev_7afa7b0-9711533/eureka-core/src/main/java/com/netflix/eureka/util/EIPManager.java;NONE
/home/paper219/Desktop/analysis/fullsample/projects/eureka/revisions/rev_7afa7b0_9711533/rev_7afa7b0-9711533/eureka-core/src/main/java/com/netflix/eureka/util/EIPManager.java;NONE
/home/paper219/Desktop/analysis/fullsample/projects/eureka/revisions/rev_7afa7b0_9711533/rev_7afa7b0-9711533/eureka-core/src/main/java/com/netflix/eureka/util/AwsAsgUtil.java;NONE
/home/paper219/Desktop/analysis/fullsample/projects/eureka/revisions/rev_7afa7b0_9711533/rev_7afa7b0-9711533/eureka-core/src/main/java/com/netflix/eureka/PeerAwareInstanceRegistry.java;NONE
/home/paper219/Desktop/analysis/fullsample/projects/eureka/revisions/rev_7afa7b0_9711533/rev_7afa7b0-9711533/eureka-core/src/main/java/com/netflix/eureka/PeerAwareInstanceRegistry.java;NONE
/home/paper219/Desktop/analysis/fullsample/projects/eureka/revisions/rev_7afa7b0_9711533/rev_7afa7b0-9711533/eureka-core/src/main/java/com/netflix/eureka/PeerAwareInstanceRegistry.java;NONE
/home/paper219/Desktop/analysis/fullsample/projects/eureka/revisions/rev_7afa7b0_9711533/rev_7afa7b0-9711533/eureka-core/src/main/java/com/netflix/eureka/PeerAwareInstanceRegistry.java;NONE
/home/paper219/Desktop/analysis/fullsample/projects/eureka/revisions/rev_7afa7b0_9711533/rev_7afa7b0-9711533/eureka-core/src/main/java/com/netflix/eureka/PeerAwareInstanceRegistry.java;NONE
/home/paper219/Desktop/analysis/fullsample/projects/eureka/revisions/rev_7afa7b0_9711533/rev_7afa7b0-9711533/eureka-core/src/main/java/com/netflix/eureka/PeerAwareInstanceRegistry.java;NONE
/home/paper219/Desktop/analysis/fullsample/projects/eureka/revisions/rev_7afa7b0_9711533/rev_7afa7b0-9711533/eureka-core/src/main/java/com/netflix/eureka/PeerAwareInstanceRegistry.java;NONE
/home/paper219/Desktop/analysis/fullsample/projects/eureka/revisions/rev_7afa7b0_9711533/rev_7afa7b0-9711533/eureka-core/src/main/java/com/netflix/eureka/PeerAwareInstanceRegistry.java;NONE
/home/paper219/Desktop/analysis/fullsample/projects/eureka/revisions/rev_7afa7b0_9711533/rev_7afa7b0-9711533/eureka-core/src/main/java/com/netflix/eureka/PeerAwareInstanceRegistry.java;NONE
/home/paper219/Desktop/analysis/fullsample/projects/eureka/revisions/rev_7afa7b0_9711533/rev_7afa7b0-9711533/eureka-core/src/main/java/com/netflix/eureka/PeerAwareInstanceRegistry.java;NONE
/home/paper219/Desktop/analysis/fullsample/projects/eureka/revisions/rev_7afa7b0_9711533/rev_7afa7b0-9711533/eureka-core/src/main/java/com/netflix/eureka/PeerAwareInstanceRegistry.java;NONE
/home/paper219/Desktop/analysis/fullsample/projects/eureka/revisions/rev_7afa7b0_9711533/rev_7afa7b0-9711533/eureka-core/src/main/java/com/netflix/eureka/PeerAwareInstanceRegistry.java;NONE
/home/paper219/Desktop/analysis/fullsample/projects/eureka/revisions/rev_7afa7b0_9711533/rev_7afa7b0-9711533/eureka-core/src/main/java/com/netflix/eureka/PeerAwareInstanceRegistry.java;NONE
/home/paper219/Desktop/analysis/fullsample/projects/eureka/revisions/rev_7afa7b0_9711533/rev_7afa7b0-9711533/eureka-core/src/main/java/com/netflix/eureka/PeerAwareInstanceRegistry.java;NONE
/home/paper219/Desktop/analysis/fullsample/projects/eureka/revisions/rev_7afa7b0_9711533/rev_7afa7b0-9711533/eureka-core/src/main/java/com/netflix/eureka/PeerAwareInstanceRegistry.java;NONE
/home/paper219/Desktop/analysis/fullsample/projects/eureka/revisions/rev_7afa7b0_9711533/rev_7afa7b0-9711533/eureka-core/src/main/java/com/netflix/eureka/PeerAwareInstanceRegistry.java;NONE
/home/paper219/Desktop/analysis/fullsample/projects/eureka/revisions/rev_7afa7b0_9711533/rev_7afa7b0-9711533/eureka-core/src/main/java/com/netflix/eureka/PeerAwareInstanceRegistry.java;NONE
/home/paper219/Desktop/analysis/fullsample/projects/eureka/revisions/rev_7afa7b0_9711533/rev_7afa7b0-9711533/eureka-core/src/main/java/com/netflix/eureka/PeerAwareInstanceRegistry.java;NONE
/home/paper219/Desktop/analysis/fullsample/projects/eureka/revisions/rev_7afa7b0_9711533/rev_7afa7b0-9711533/eureka-core/src/main/java/com/netflix/eureka/StatusFilter.java;NONE
/home/paper219/Desktop/analysis/fullsample/projects/eureka/revisions/rev_7afa7b0_9711533/rev_7afa7b0-9711533/eureka-core/src/main/java/com/netflix/eureka/StatusFilter.java;NONE
/home/paper219/Desktop/analysis/fullsample/projects/eureka/revisions/rev_7afa7b0_9711533/rev_7afa7b0-9711533/eureka-core/src/main/java/com/netflix/eureka/resources/StatusResource.java;NONE
/home/paper219/Desktop/analysis/fullsample/projects/eureka/revisions/rev_7afa7b0_9711533/rev_7afa7b0-9711533/eureka-core/src/main/java/com/netflix/eureka/resources/StatusResource.java;NONE
/home/paper219/Desktop/analysis/fullsample/projects/eureka/revisions/rev_7afa7b0_9711533/rev_7afa7b0-9711533/eureka-core/src/main/java/com/netflix/eureka/resources/StatusResource.java;NONE
/home/paper219/Desktop/analysis/fullsample/projects/eureka/revisions/rev_7afa7b0_9711533/rev_7afa7b0-9711533/eureka-core/src/main/java/com/netflix/eureka/resources/StatusResource.java;NONE
/home/paper219/Desktop/analysis/fullsample/projects/eureka/revisions/rev_7afa7b0_9711533/rev_7afa7b0-9711533/eureka-core/src/main/java/com/netflix/eureka/resources/StatusResource.java;NONE
/home/paper219/Desktop/analysis/fullsample/projects/eureka/revisions/rev_7afa7b0_9711533/rev_7afa7b0-9711533/eureka-core/src/main/java/com/netflix/eureka/resources/InstanceResource.java;NONE
/home/paper219/Desktop/analysis/fullsample/projects/eureka/revisions/rev_7afa7b0_9711533/rev_7afa7b0-9711533/eureka-core/src/main/java/com/netflix/eureka/resources/InstanceResource.java;NONE
/home/paper219/Desktop/analysis/fullsample/projects/eureka/revisions/rev_7afa7b0_9711533/rev_7afa7b0-9711533/eureka-core/src/main/java/com/netflix/eureka/resources/InstanceResource.java;NONE
/home/paper219/Desktop/analysis/fullsample/projects/eureka/revisions/rev_7afa7b0_9711533/rev_7afa7b0-9711533/eureka-core/src/main/java/com/netflix/eureka/resources/InstanceResource.java;NONE
/home/paper219/Desktop/analysis/fullsample/projects/eureka/revisions/rev_7afa7b0_9711533/rev_7afa7b0-9711533/eureka-core/src/main/java/com/netflix/eureka/resources/InstanceResource.java;NONE
/home/paper219/Desktop/analysis/fullsample/projects/eureka/revisions/rev_7afa7b0_9711533/rev_7afa7b0-9711533/eureka-core/src/main/java/com/netflix/eureka/resources/InstanceResource.java;NONE
/home/paper219/Desktop/analysis/fullsample/projects/eureka/revisions/rev_7afa7b0_9711533/rev_7afa7b0-9711533/eureka-core/src/main/java/com/netflix/eureka/resources/ASGResource.java;NONE
/home/paper219/Desktop/analysis/fullsample/projects/eureka/revisions/rev_7afa7b0_9711533/rev_7afa7b0-9711533/eureka-core/src/main/java/com/netflix/eureka/resources/ASGResource.java;NONE
/home/paper219/Desktop/analysis/fullsample/projects/eureka/revisions/rev_7afa7b0_9711533/rev_7afa7b0-9711533/eureka-core/src/main/java/com/netflix/eureka/resources/ASGResource.java;NONE
/home/paper219/Desktop/analysis/fullsample/projects/eureka/revisions/rev_7afa7b0_9711533/rev_7afa7b0-9711533/eureka-core/src/main/java/com/netflix/eureka/resources/InstancesResource.java;NONE
/home/paper219/Desktop/analysis/fullsample/projects/eureka/revisions/rev_7afa7b0_9711533/rev_7afa7b0-9711533/eureka-core/src/main/java/com/netflix/eureka/resources/InstancesResource.java;NONE
/home/paper219/Desktop/analysis/fullsample/projects/eureka/revisions/rev_7afa7b0_9711533/rev_7afa7b0-9711533/eureka-core/src/main/java/com/netflix/eureka/resources/ApplicationResource.java;NONE
/home/paper219/Desktop/analysis/fullsample/projects/eureka/revisions/rev_7afa7b0_9711533/rev_7afa7b0-9711533/eureka-core/src/main/java/com/netflix/eureka/resources/ApplicationResource.java;NONE
/home/paper219/Desktop/analysis/fullsample/projects/eureka/revisions/rev_7afa7b0_9711533/rev_7afa7b0-9711533/eureka-core/src/main/java/com/netflix/eureka/resources/ApplicationResource.java;NONE
/home/paper219/Desktop/analysis/fullsample/projects/eureka/revisions/rev_7afa7b0_9711533/rev_7afa7b0-9711533/eureka-core/src/main/java/com/netflix/eureka/resources/ApplicationResource.java;NONE
/home/paper219/Desktop/analysis/fullsample/projects/eureka/revisions/rev_7afa7b0_9711533/rev_7afa7b0-9711533/eureka-core/src/main/java/com/netflix/eureka/resources/PeerReplicationResource.java;NONE
/home/paper219/Desktop/analysis/fullsample/projects/eureka/revisions/rev_7afa7b0_9711533/rev_7afa7b0-9711533/eureka-core/src/main/java/com/netflix/eureka/resources/PeerReplicationResource.java;NONE
/home/paper219/Desktop/analysis/fullsample/projects/eureka/revisions/rev_7afa7b0_9711533/rev_7afa7b0-9711533/eureka-core/src/main/java/com/netflix/eureka/resources/PeerReplicationResource.java;NONE
/home/paper219/Desktop/analysis/fullsample/projects/eureka/revisions/rev_7afa7b0_9711533/rev_7afa7b0-9711533/eureka-core/src/main/java/com/netflix/eureka/resources/PeerReplicationResource.java;NONE
/home/paper219/Desktop/analysis/fullsample/projects/eureka/revisions/rev_7afa7b0_9711533/rev_7afa7b0-9711533/eureka-core/src/main/java/com/netflix/eureka/resources/PeerReplicationResource.java;NONE
/home/paper219/Desktop/analysis/fullsample/projects/eureka/revisions/rev_7afa7b0_9711533/rev_7afa7b0-9711533/eureka-core/src/main/java/com/netflix/eureka/resources/PeerReplicationResource.java;NONE
/home/paper219/Desktop/analysis/fullsample/projects/eureka/revisions/rev_7afa7b0_9711533/rev_7afa7b0-9711533/eureka-core/src/main/java/com/netflix/eureka/resources/PeerReplicationResource.java;NONE
/home/paper219/Desktop/analysis/fullsample/projects/eureka/revisions/rev_7afa7b0_9711533/rev_7afa7b0-9711533/eureka-core/src/main/java/com/netflix/eureka/resources/PeerReplicationResource.java;NONE
/home/paper219/Desktop/analysis/fullsample/projects/eureka/revisions/rev_7afa7b0_9711533/rev_7afa7b0-9711533/eureka-core/src/main/java/com/netflix/eureka/resources/PeerReplicationResource.java;NONE
/home/paper219/Desktop/analysis/fullsample/projects/eureka/revisions/rev_7afa7b0_9711533/rev_7afa7b0-9711533/eureka-core/src/main/java/com/netflix/eureka/DefaultEurekaServerConfig.java;NONE
/home/paper219/Desktop/analysis/fullsample/projects/eureka/revisions/rev_7afa7b0_9711533/rev_7afa7b0-9711533/eureka-core/src/main/java/com/netflix/eureka/DefaultEurekaServerConfig.java;NONE
/home/paper219/Desktop/analysis/fullsample/projects/eureka/revisions/rev_7afa7b0_9711533/rev_7afa7b0-9711533/eureka-core/src/main/java/com/netflix/eureka/DefaultEurekaServerConfig.java;NONE
/home/paper219/Desktop/analysis/fullsample/projects/eureka/revisions/rev_7afa7b0_9711533/rev_7afa7b0-9711533/eureka-core/src/main/java/com/netflix/eureka/DefaultEurekaServerConfig.java;NONE
/home/paper219/Desktop/analysis/fullsample/projects/eureka/revisions/rev_7afa7b0_9711533/rev_7afa7b0-9711533/eureka-core/src/main/java/com/netflix/eureka/DefaultEurekaServerConfig.java;NONE
/home/paper219/Desktop/analysis/fullsample/projects/eureka/revisions/rev_7afa7b0_9711533/rev_7afa7b0-9711533/eureka-core/src/main/java/com/netflix/eureka/DefaultEurekaServerConfig.java;NONE
/home/paper219/Desktop/analysis/fullsample/projects/eureka/revisions/rev_7afa7b0_9711533/rev_7afa7b0-9711533/eureka-core/src/main/java/com/netflix/eureka/DefaultEurekaServerConfig.java;NONE
/home/paper219/Desktop/analysis/fullsample/projects/eureka/revisions/rev_7afa7b0_9711533/rev_7afa7b0-9711533/eureka-core/src/main/java/com/netflix/eureka/DefaultEurekaServerConfig.java;NONE
/home/paper219/Desktop/analysis/fullsample/projects/eureka/revisions/rev_7afa7b0_9711533/rev_7afa7b0-9711533/eureka-core/src/main/java/com/netflix/eureka/DefaultEurekaServerConfig.java;NONE
/home/paper219/Desktop/analysis/fullsample/projects/eureka/revisions/rev_7afa7b0_9711533/rev_7afa7b0-9711533/eureka-core/src/main/java/com/netflix/eureka/DefaultEurekaServerConfig.java;NONE
/home/paper219/Desktop/analysis/fullsample/projects/eureka/revisions/rev_7afa7b0_9711533/rev_7afa7b0-9711533/eureka-core/src/test/java/com/netflix/eureka/DefaultEurekaServerConfigTest.java;NONE
/home/paper219/Desktop/analysis/fullsample/projects/eureka/revisions/rev_7afa7b0_9711533/rev_7afa7b0-9711533/eureka-core/src/test/java/com/netflix/eureka/DefaultEurekaServerConfigTest.java;NONE
/home/paper219/Desktop/analysis/fullsample/projects/eureka/revisions/rev_7afa7b0_9711533/rev_7afa7b0-9711533/eureka-core/src/test/java/com/netflix/eureka/mock/MockRemoteEurekaServer.java;NONE
/home/paper219/Desktop/analysis/fullsample/projects/eureka/revisions/rev_7afa7b0_9711533/rev_7afa7b0-9711533/eureka-core/src/test/java/com/netflix/eureka/mock/MockRemoteEurekaServer.java;NONE
/home/paper219/Desktop/analysis/fullsample/projects/eureka/revisions/rev_7afa7b0_9711533/rev_7afa7b0-9711533/eureka-core/src/test/java/com/netflix/eureka/mock/MockRemoteEurekaServer.java;NONE
/home/paper219/Desktop/analysis/fullsample/projects/eureka/revisions/rev_7afa7b0_9711533/rev_7afa7b0-9711533/eureka-core/src/test/java/com/netflix/eureka/AbstractTester.java;NONE
/home/paper219/Desktop/analysis/fullsample/projects/eureka/revisions/rev_7afa7b0_9711533/rev_7afa7b0-9711533/eureka-core/src/test/java/com/netflix/eureka/AbstractTester.java;NONE
/home/paper219/Desktop/analysis/fullsample/projects/eureka/revisions/rev_7afa7b0_9711533/rev_7afa7b0-9711533/eureka-core/src/test/java/com/netflix/eureka/AbstractTester.java;NONE
/home/paper219/Desktop/analysis/fullsample/projects/eureka/revisions/rev_7afa7b0_9711533/rev_7afa7b0-9711533/eureka-client/src/main/java/com/netflix/appinfo/AmazonInfo.java;NONE
/home/paper219/Desktop/analysis/fullsample/projects/eureka/revisions/rev_7afa7b0_9711533/rev_7afa7b0-9711533/eureka-client/src/main/java/com/netflix/appinfo/AmazonInfo.java;NONE
/home/paper219/Desktop/analysis/fullsample/projects/eureka/revisions/rev_7afa7b0_9711533/rev_7afa7b0-9711533/eureka-client/src/main/java/com/netflix/appinfo/AmazonInfo.java;NONE
/home/paper219/Desktop/analysis/fullsample/projects/eureka/revisions/rev_7afa7b0_9711533/rev_7afa7b0-9711533/eureka-client/src/main/java/com/netflix/appinfo/AmazonInfo.java;NONE
/home/paper219/Desktop/analysis/fullsample/projects/eureka/revisions/rev_7afa7b0_9711533/rev_7afa7b0-9711533/eureka-client/src/main/java/com/netflix/appinfo/AmazonInfo.java;NONE
/home/paper219/Desktop/analysis/fullsample/projects/eureka/revisions/rev_7afa7b0_9711533/rev_7afa7b0-9711533/eureka-client/src/main/java/com/netflix/appinfo/AmazonInfo.java;NONE
/home/paper219/Desktop/analysis/fullsample/projects/eureka/revisions/rev_7afa7b0_9711533/rev_7afa7b0-9711533/eureka-client/src/main/java/com/netflix/appinfo/AmazonInfo.java;NONE
/home/paper219/Desktop/analysis/fullsample/projects/eureka/revisions/rev_7afa7b0_9711533/rev_7afa7b0-9711533/eureka-client/src/main/java/com/netflix/appinfo/AmazonInfo.java;NONE
/home/paper219/Desktop/analysis/fullsample/projects/eureka/revisions/rev_7afa7b0_9711533/rev_7afa7b0-9711533/eureka-client/src/main/java/com/netflix/appinfo/providers/EurekaConfigBasedInstanceInfoProvider.java;NONE
/home/paper219/Desktop/analysis/fullsample/projects/eureka/revisions/rev_7afa7b0_9711533/rev_7afa7b0-9711533/eureka-client/src/main/java/com/netflix/appinfo/providers/EurekaConfigBasedInstanceInfoProvider.java;NONE
/home/paper219/Desktop/analysis/fullsample/projects/eureka/revisions/rev_7afa7b0_9711533/rev_7afa7b0-9711533/eureka-client/src/main/java/com/netflix/appinfo/AbstractInstanceConfig.java;NONE
/home/paper219/Desktop/analysis/fullsample/projects/eureka/revisions/rev_7afa7b0_9711533/rev_7afa7b0-9711533/eureka-client/src/main/java/com/netflix/appinfo/CloudInstanceConfig.java;NONE
/home/paper219/Desktop/analysis/fullsample/projects/eureka/revisions/rev_7afa7b0_9711533/rev_7afa7b0-9711533/eureka-client/src/main/java/com/netflix/appinfo/CloudInstanceConfig.java;NONE
/home/paper219/Desktop/analysis/fullsample/projects/eureka/revisions/rev_7afa7b0_9711533/rev_7afa7b0-9711533/eureka-client/src/main/java/com/netflix/appinfo/PropertiesInstanceConfig.java;NONE
/home/paper219/Desktop/analysis/fullsample/projects/eureka/revisions/rev_7afa7b0_9711533/rev_7afa7b0-9711533/eureka-client/src/main/java/com/netflix/appinfo/PropertiesInstanceConfig.java;NONE
/home/paper219/Desktop/analysis/fullsample/projects/eureka/revisions/rev_7afa7b0_9711533/rev_7afa7b0-9711533/eureka-client/src/main/java/com/netflix/appinfo/PropertiesInstanceConfig.java;NONE
/home/paper219/Desktop/analysis/fullsample/projects/eureka/revisions/rev_7afa7b0_9711533/rev_7afa7b0-9711533/eureka-client/src/main/java/com/netflix/appinfo/PropertiesInstanceConfig.java;NONE
/home/paper219/Desktop/analysis/fullsample/projects/eureka/revisions/rev_7afa7b0_9711533/rev_7afa7b0-9711533/eureka-client/src/main/java/com/netflix/appinfo/PropertiesInstanceConfig.java;NONE
/home/paper219/Desktop/analysis/fullsample/projects/eureka/revisions/rev_7afa7b0_9711533/rev_7afa7b0-9711533/eureka-client/src/main/java/com/netflix/appinfo/PropertiesInstanceConfig.java;NONE
/home/paper219/Desktop/analysis/fullsample/projects/eureka/revisions/rev_7afa7b0_9711533/rev_7afa7b0-9711533/eureka-client/src/main/java/com/netflix/appinfo/PropertiesInstanceConfig.java;NONE
/home/paper219/Desktop/analysis/fullsample/projects/eureka/revisions/rev_7afa7b0_9711533/rev_7afa7b0-9711533/eureka-client/src/main/java/com/netflix/appinfo/PropertiesInstanceConfig.java;NONE
/home/paper219/Desktop/analysis/fullsample/projects/eureka/revisions/rev_7afa7b0_9711533/rev_7afa7b0-9711533/eureka-client/src/main/java/com/netflix/appinfo/PropertiesInstanceConfig.java;NONE
/home/paper219/Desktop/analysis/fullsample/projects/eureka/revisions/rev_7afa7b0_9711533/rev_7afa7b0-9711533/eureka-client/src/main/java/com/netflix/appinfo/PropertiesInstanceConfig.java;NONE
/home/paper219/Desktop/analysis/fullsample/projects/eureka/revisions/rev_7afa7b0_9711533/rev_7afa7b0-9711533/eureka-client/src/main/java/com/netflix/appinfo/PropertiesInstanceConfig.java;NONE
/home/paper219/Desktop/analysis/fullsample/projects/eureka/revisions/rev_7afa7b0_9711533/rev_7afa7b0-9711533/eureka-client/src/main/java/com/netflix/appinfo/PropertiesInstanceConfig.java;NONE
/home/paper219/Desktop/analysis/fullsample/projects/eureka/revisions/rev_7afa7b0_9711533/rev_7afa7b0-9711533/eureka-client/src/main/java/com/netflix/appinfo/PropertiesInstanceConfig.java;NONE
/home/paper219/Desktop/analysis/fullsample/projects/eureka/revisions/rev_7afa7b0_9711533/rev_7afa7b0-9711533/eureka-client/src/main/java/com/netflix/appinfo/PropertiesInstanceConfig.java;NONE
/home/paper219/Desktop/analysis/fullsample/projects/eureka/revisions/rev_7afa7b0_9711533/rev_7afa7b0-9711533/eureka-client/src/main/java/com/netflix/appinfo/PropertiesInstanceConfig.java;NONE
/home/paper219/Desktop/analysis/fullsample/projects/eureka/revisions/rev_7afa7b0_9711533/rev_7afa7b0-9711533/eureka-client/src/main/java/com/netflix/appinfo/PropertiesInstanceConfig.java;NONE
/home/paper219/Desktop/analysis/fullsample/projects/eureka/revisions/rev_7afa7b0_9711533/rev_7afa7b0-9711533/eureka-client/src/main/java/com/netflix/appinfo/PropertiesInstanceConfig.java;NONE
/home/paper219/Desktop/analysis/fullsample/projects/eureka/revisions/rev_7afa7b0_9711533/rev_7afa7b0-9711533/eureka-client/src/main/java/com/netflix/discovery/shared/Application.java;NONE
/home/paper219/Desktop/analysis/fullsample/projects/eureka/revisions/rev_7afa7b0_9711533/rev_7afa7b0-9711533/eureka-client/src/main/java/com/netflix/discovery/shared/Application.java;NONE
/home/paper219/Desktop/analysis/fullsample/projects/eureka/revisions/rev_7afa7b0_9711533/rev_7afa7b0-9711533/eureka-client/src/main/java/com/netflix/discovery/shared/Applications.java;NONE
/home/paper219/Desktop/analysis/fullsample/projects/eureka/revisions/rev_7afa7b0_9711533/rev_7afa7b0-9711533/eureka-client/src/main/java/com/netflix/discovery/shared/NamedConnectionPool.java;NONE
/home/paper219/Desktop/analysis/fullsample/projects/eureka/revisions/rev_7afa7b0_9711533/rev_7afa7b0-9711533/eureka-client/src/main/java/com/netflix/discovery/shared/EurekaJerseyClient.java;NONE
/home/paper219/Desktop/analysis/fullsample/projects/eureka/revisions/rev_7afa7b0_9711533/rev_7afa7b0-9711533/eureka-client/src/main/java/com/netflix/discovery/shared/EurekaJerseyClient.java;NONE
/home/paper219/Desktop/analysis/fullsample/projects/eureka/revisions/rev_7afa7b0_9711533/rev_7afa7b0-9711533/eureka-client/src/main/java/com/netflix/discovery/shared/EurekaJerseyClient.java;NONE
/home/paper219/Desktop/analysis/fullsample/projects/eureka/revisions/rev_7afa7b0_9711533/rev_7afa7b0-9711533/eureka-client/src/main/java/com/netflix/discovery/shared/EurekaJerseyClient.java;NONE
/home/paper219/Desktop/analysis/fullsample/projects/eureka/revisions/rev_7afa7b0_9711533/rev_7afa7b0-9711533/eureka-client/src/main/java/com/netflix/discovery/shared/EurekaJerseyClient.java;NONE
/home/paper219/Desktop/analysis/fullsample/projects/eureka/revisions/rev_7afa7b0_9711533/rev_7afa7b0-9711533/eureka-client/src/main/java/com/netflix/discovery/shared/EurekaJerseyClient.java;NONE
/home/paper219/Desktop/analysis/fullsample/projects/eureka/revisions/rev_7afa7b0_9711533/rev_7afa7b0-9711533/eureka-client/src/main/java/com/netflix/discovery/shared/EurekaJerseyClient.java;NONE
/home/paper219/Desktop/analysis/fullsample/projects/eureka/revisions/rev_7afa7b0_9711533/rev_7afa7b0-9711533/eureka-client/src/main/java/com/netflix/discovery/shared/EurekaJerseyClient.java;NONE
/home/paper219/Desktop/analysis/fullsample/projects/eureka/revisions/rev_7afa7b0_9711533/rev_7afa7b0-9711533/eureka-client/src/main/java/com/netflix/discovery/shared/EurekaJerseyClient.java;NONE
/home/paper219/Desktop/analysis/fullsample/projects/eureka/revisions/rev_7afa7b0_9711533/rev_7afa7b0-9711533/eureka-client/src/main/java/com/netflix/discovery/shared/EurekaJerseyClient.java;NONE
/home/paper219/Desktop/analysis/fullsample/projects/eureka/revisions/rev_7afa7b0_9711533/rev_7afa7b0-9711533/eureka-client/src/main/java/com/netflix/discovery/shared/EurekaJerseyClient.java;NONE
/home/paper219/Desktop/analysis/fullsample/projects/eureka/revisions/rev_7afa7b0_9711533/rev_7afa7b0-9711533/eureka-client/src/main/java/com/netflix/discovery/shared/EurekaJerseyClient.java;NONE
/home/paper219/Desktop/analysis/fullsample/projects/eureka/revisions/rev_7afa7b0_9711533/rev_7afa7b0-9711533/eureka-client/src/main/java/com/netflix/discovery/shared/EurekaJerseyClient.java;NONE
/home/paper219/Desktop/analysis/fullsample/projects/eureka/revisions/rev_7afa7b0_9711533/rev_7afa7b0-9711533/eureka-client/src/main/java/com/netflix/discovery/shared/EurekaJerseyClient.java;NONE
/home/paper219/Desktop/analysis/fullsample/projects/eureka/revisions/rev_7afa7b0_9711533/rev_7afa7b0-9711533/eureka-client/src/main/java/com/netflix/discovery/EurekaUpStatusResolver.java;NONE
/home/paper219/Desktop/analysis/fullsample/projects/eureka/revisions/rev_7afa7b0_9711533/rev_7afa7b0-9711533/eureka-client/src/main/java/com/netflix/discovery/DiscoveryManager.java;NONE
/home/paper219/Desktop/analysis/fullsample/projects/eureka/revisions/rev_7afa7b0_9711533/rev_7afa7b0-9711533/eureka-client/src/main/java/com/netflix/discovery/DefaultEurekaClientConfig.java;NONE
/home/paper219/Desktop/analysis/fullsample/projects/eureka/revisions/rev_7afa7b0_9711533/rev_7afa7b0-9711533/eureka-client/src/main/java/com/netflix/discovery/DefaultEurekaClientConfig.java;NONE
/home/paper219/Desktop/analysis/fullsample/projects/eureka/revisions/rev_7afa7b0_9711533/rev_7afa7b0-9711533/eureka-client/src/main/java/com/netflix/discovery/DefaultEurekaClientConfig.java;NONE
/home/paper219/Desktop/analysis/fullsample/projects/eureka/revisions/rev_7afa7b0_9711533/rev_7afa7b0-9711533/eureka-client/src/main/java/com/netflix/discovery/AbstractAzToRegionMapper.java;NONE
/home/paper219/Desktop/analysis/fullsample/projects/eureka/revisions/rev_7afa7b0_9711533/rev_7afa7b0-9711533/eureka-client/src/main/java/com/netflix/discovery/converters/EntityBodyConverter.java;NONE
/home/paper219/Desktop/analysis/fullsample/projects/eureka/revisions/rev_7afa7b0_9711533/rev_7afa7b0-9711533/eureka-client/src/main/java/com/netflix/discovery/converters/EntityBodyConverter.java;NONE
/home/paper219/Desktop/analysis/fullsample/projects/eureka/revisions/rev_7afa7b0_9711533/rev_7afa7b0-9711533/eureka-client/src/main/java/com/netflix/discovery/converters/Converters.java;NONE
/home/paper219/Desktop/analysis/fullsample/projects/eureka/revisions/rev_7afa7b0_9711533/rev_7afa7b0-9711533/eureka-client/src/main/java/com/netflix/discovery/converters/Converters.java;NONE
/home/paper219/Desktop/analysis/fullsample/projects/eureka/revisions/rev_7afa7b0_9711533/rev_7afa7b0-9711533/eureka-client/src/main/java/com/netflix/discovery/converters/Converters.java;NONE
/home/paper219/Desktop/analysis/fullsample/projects/eureka/revisions/rev_7afa7b0_9711533/rev_7afa7b0-9711533/eureka-client/src/main/java/com/netflix/discovery/converters/Converters.java;NONE
/home/paper219/Desktop/analysis/fullsample/projects/eureka/revisions/rev_7afa7b0_9711533/rev_7afa7b0-9711533/eureka-client/src/main/java/com/netflix/discovery/converters/Converters.java;NONE
/home/paper219/Desktop/analysis/fullsample/projects/eureka/revisions/rev_7afa7b0_9711533/rev_7afa7b0-9711533/eureka-client/src/main/java/com/netflix/discovery/converters/Converters.java;NONE
/home/paper219/Desktop/analysis/fullsample/projects/eureka/revisions/rev_7afa7b0_9711533/rev_7afa7b0-9711533/eureka-client/src/main/java/com/netflix/discovery/converters/Converters.java;NONE
/home/paper219/Desktop/analysis/fullsample/projects/eureka/revisions/rev_7afa7b0_9711533/rev_7afa7b0-9711533/eureka-client/src/main/java/com/netflix/discovery/converters/Converters.java;NONE
/home/paper219/Desktop/analysis/fullsample/projects/eureka/revisions/rev_7afa7b0_9711533/rev_7afa7b0-9711533/eureka-client/src/main/java/com/netflix/discovery/converters/Converters.java;NONE
/home/paper219/Desktop/analysis/fullsample/projects/eureka/revisions/rev_7afa7b0_9711533/rev_7afa7b0-9711533/eureka-client/src/main/java/com/netflix/discovery/converters/Converters.java;NONE
/home/paper219/Desktop/analysis/fullsample/projects/eureka/revisions/rev_7afa7b0_9711533/rev_7afa7b0-9711533/eureka-client/src/main/java/com/netflix/discovery/converters/Converters.java;NONE
/home/paper219/Desktop/analysis/fullsample/projects/eureka/revisions/rev_7afa7b0_9711533/rev_7afa7b0-9711533/eureka-client/src/main/java/com/netflix/discovery/converters/Converters.java;NONE
/home/paper219/Desktop/analysis/fullsample/projects/eureka/revisions/rev_7afa7b0_9711533/rev_7afa7b0-9711533/eureka-client/src/main/java/com/netflix/discovery/converters/Converters.java;NONE
/home/paper219/Desktop/analysis/fullsample/projects/eureka/revisions/rev_7afa7b0_9711533/rev_7afa7b0-9711533/eureka-client/src/main/java/com/netflix/discovery/converters/Converters.java;NONE
/home/paper219/Desktop/analysis/fullsample/projects/eureka/revisions/rev_7afa7b0_9711533/rev_7afa7b0-9711533/eureka-client/src/main/java/com/netflix/discovery/converters/Converters.java;NONE
/home/paper219/Desktop/analysis/fullsample/projects/eureka/revisions/rev_7afa7b0_9711533/rev_7afa7b0-9711533/eureka-client/src/main/java/com/netflix/discovery/converters/Converters.java;NONE
/home/paper219/Desktop/analysis/fullsample/projects/eureka/revisions/rev_7afa7b0_9711533/rev_7afa7b0-9711533/eureka-client/src/main/java/com/netflix/discovery/converters/Converters.java;NONE
/home/paper219/Desktop/analysis/fullsample/projects/eureka/revisions/rev_7afa7b0_9711533/rev_7afa7b0-9711533/eureka-client/src/main/java/com/netflix/discovery/converters/Converters.java;NONE
/home/paper219/Desktop/analysis/fullsample/projects/eureka/revisions/rev_7afa7b0_9711533/rev_7afa7b0-9711533/eureka-client/src/main/java/com/netflix/discovery/converters/Converters.java;NONE
/home/paper219/Desktop/analysis/fullsample/projects/eureka/revisions/rev_7afa7b0_9711533/rev_7afa7b0-9711533/eureka-client/src/main/java/com/netflix/discovery/converters/Converters.java;NONE
/home/paper219/Desktop/analysis/fullsample/projects/eureka/revisions/rev_7afa7b0_9711533/rev_7afa7b0-9711533/eureka-client/src/main/java/com/netflix/discovery/converters/Converters.java;NONE
/home/paper219/Desktop/analysis/fullsample/projects/eureka/revisions/rev_7afa7b0_9711533/rev_7afa7b0-9711533/eureka-client/src/main/java/com/netflix/discovery/converters/Converters.java;NONE
/home/paper219/Desktop/analysis/fullsample/projects/eureka/revisions/rev_7afa7b0_9711533/rev_7afa7b0-9711533/eureka-client/src/main/java/com/netflix/discovery/DiscoveryClient.java;NONE
/home/paper219/Desktop/analysis/fullsample/projects/eureka/revisions/rev_7afa7b0_9711533/rev_7afa7b0-9711533/eureka-client/src/main/java/com/netflix/discovery/DiscoveryClient.java;NONE
/home/paper219/Desktop/analysis/fullsample/projects/eureka/revisions/rev_7afa7b0_9711533/rev_7afa7b0-9711533/eureka-client/src/main/java/com/netflix/discovery/provider/DiscoveryJerseyProvider.java;NONE
/home/paper219/Desktop/analysis/fullsample/projects/eureka/revisions/rev_7afa7b0_9711533/rev_7afa7b0-9711533/eureka-client/src/main/java/com/netflix/discovery/provider/DiscoveryJerseyProvider.java;NONE
/home/paper219/Desktop/analysis/fullsample/projects/eureka/revisions/rev_7afa7b0_9711533/rev_7afa7b0-9711533/eureka-client/src/main/java/com/netflix/discovery/provider/DiscoveryJerseyProvider.java;NONE
/home/paper219/Desktop/analysis/fullsample/projects/eureka/revisions/rev_7afa7b0_9711533/rev_7afa7b0-9711533/eureka-client/src/main/java/com/netflix/discovery/provider/DiscoveryJerseyProvider.java;NONE
/home/paper219/Desktop/analysis/fullsample/projects/eureka/revisions/rev_7afa7b0_9711533/rev_7afa7b0-9711533/eureka-client/src/main/java/com/netflix/discovery/provider/DiscoveryJerseyProvider.java;NONE
/home/paper219/Desktop/analysis/fullsample/projects/eureka/revisions/rev_7afa7b0_9711533/rev_7afa7b0-9711533/eureka-client/src/main/java/com/netflix/discovery/provider/DiscoveryJerseyProvider.java;NONE
/home/paper219/Desktop/analysis/fullsample/projects/eureka/revisions/rev_7afa7b0_9711533/rev_7afa7b0-9711533/eureka-client/src/main/java/com/netflix/discovery/provider/DiscoveryJerseyProvider.java;NONE
/home/paper219/Desktop/analysis/fullsample/projects/eureka/revisions/rev_7afa7b0_9711533/rev_7afa7b0-9711533/eureka-client/src/main/java/com/netflix/discovery/provider/DiscoveryJerseyProvider.java;NONE
/home/paper219/Desktop/analysis/fullsample/projects/eureka/revisions/rev_7afa7b0_9711533/rev_7afa7b0-9711533/eureka-client/src/main/java/com/netflix/discovery/provider/DiscoveryJerseyProvider.java;NONE
/home/paper219/Desktop/analysis/fullsample/projects/eureka/revisions/rev_7afa7b0_9711533/rev_7afa7b0-9711533/eureka-client/src/main/java/com/netflix/discovery/provider/DiscoveryJerseyProvider.java;NONE
/home/paper219/Desktop/analysis/fullsample/projects/eureka/revisions/rev_7afa7b0_9711533/rev_7afa7b0-9711533/eureka-client/src/main/java/com/netflix/discovery/provider/DiscoveryJerseyProvider.java;NONE
/home/paper219/Desktop/analysis/fullsample/projects/eureka/revisions/rev_7afa7b0_9711533/rev_7afa7b0-9711533/eureka-client/src/main/java/com/netflix/discovery/provider/DiscoveryJerseyProvider.java;NONE
/home/paper219/Desktop/analysis/fullsample/projects/eureka/revisions/rev_7afa7b0_9711533/rev_7afa7b0-9711533/eureka-client/src/test/java/com/netflix/discovery/shared/ApplicationsTest.java;NONE
/home/paper219/Desktop/analysis/fullsample/projects/eureka/revisions/rev_7afa7b0_9711533/rev_7afa7b0-9711533/eureka-client/src/test/java/com/netflix/discovery/shared/ApplicationsTest.java;NONE
/home/paper219/Desktop/analysis/fullsample/projects/eureka/revisions/rev_7afa7b0_9711533/rev_7afa7b0-9711533/eureka-client/src/test/java/com/netflix/discovery/shared/ApplicationsTest.java;NONE
/home/paper219/Desktop/analysis/fullsample/projects/eureka/revisions/rev_7afa7b0_9711533/rev_7afa7b0-9711533/eureka-client/src/test/java/com/netflix/discovery/DiscoveryClientDisableRegistryTest.java;NONE
/home/paper219/Desktop/analysis/fullsample/projects/eureka/revisions/rev_7afa7b0_9711533/rev_7afa7b0-9711533/eureka-client/src/test/java/com/netflix/discovery/DiscoveryClientDisableRegistryTest.java;NONE
/home/paper219/Desktop/analysis/fullsample/projects/eureka/revisions/rev_7afa7b0_9711533/rev_7afa7b0-9711533/eureka-client/src/test/java/com/netflix/discovery/DiscoveryClientRegistryTest.java;NONE
/home/paper219/Desktop/analysis/fullsample/projects/eureka/revisions/rev_7afa7b0_9711533/rev_7afa7b0-9711533/eureka-client/src/test/java/com/netflix/discovery/DiscoveryClientRegistryTest.java;NONE
/home/paper219/Desktop/analysis/fullsample/projects/eureka/revisions/rev_7afa7b0_9711533/rev_7afa7b0-9711533/eureka-client/src/test/java/com/netflix/discovery/DiscoveryClientRegistryTest.java;NONE
/home/paper219/Desktop/analysis/fullsample/projects/eureka/revisions/rev_7afa7b0_9711533/rev_7afa7b0-9711533/eureka-client/src/test/java/com/netflix/discovery/DiscoveryClientRegistryTest.java;NONE
/home/paper219/Desktop/analysis/fullsample/projects/eureka/revisions/rev_7afa7b0_9711533/rev_7afa7b0-9711533/eureka-client/src/test/java/com/netflix/discovery/DiscoveryClientRegistryTest.java;NONE
/home/paper219/Desktop/analysis/fullsample/projects/eureka/revisions/rev_7afa7b0_9711533/rev_7afa7b0-9711533/eureka-client/src/test/java/com/netflix/discovery/DiscoveryStatusCheckerTest.java;NONE
/home/paper219/Desktop/analysis/fullsample/projects/eureka/revisions/rev_7afa7b0_9711533/rev_7afa7b0-9711533/eureka-client/src/test/java/com/netflix/discovery/DiscoveryStatusCheckerTest.java;NONE
/home/paper219/Desktop/analysis/fullsample/projects/eureka/revisions/rev_7afa7b0_9711533/rev_7afa7b0-9711533/eureka-client/src/test/java/com/netflix/discovery/DiscoveryStatusCheckerTest.java;NONE
/home/paper219/Desktop/analysis/fullsample/projects/eureka/revisions/rev_7afa7b0_9711533/rev_7afa7b0-9711533/eureka-client/src/test/java/com/netflix/discovery/DiscoveryStatusCheckerTest.java;NONE
/home/paper219/Desktop/analysis/fullsample/projects/eureka/revisions/rev_7afa7b0_9711533/rev_7afa7b0-9711533/eureka-client/src/test/java/com/netflix/discovery/DiscoveryStatusCheckerTest.java;NONE
/home/paper219/Desktop/analysis/fullsample/projects/eureka/revisions/rev_7afa7b0_9711533/rev_7afa7b0-9711533/eureka-client/src/test/java/com/netflix/discovery/BackUpRegistryTest.java;NONE
/home/paper219/Desktop/analysis/fullsample/projects/eureka/revisions/rev_7afa7b0_9711533/rev_7afa7b0-9711533/eureka-client/src/test/java/com/netflix/discovery/BackUpRegistryTest.java;NONE
/home/paper219/Desktop/analysis/fullsample/projects/eureka/revisions/rev_7afa7b0_9711533/rev_7afa7b0-9711533/eureka-client/src/test/java/com/netflix/discovery/BackUpRegistryTest.java;NONE
/home/paper219/Desktop/analysis/fullsample/projects/eureka/revisions/rev_7afa7b0_9711533/rev_7afa7b0-9711533/eureka-client/src/test/java/com/netflix/discovery/MockRemoteEurekaServer.java;NONE
/home/paper219/Desktop/analysis/fullsample/projects/eureka/revisions/rev_7afa7b0_9711533/rev_7afa7b0-9711533/eureka-client/src/test/java/com/netflix/discovery/MockRemoteEurekaServer.java;NONE
/home/paper219/Desktop/analysis/fullsample/projects/eureka/revisions/rev_7afa7b0_9711533/rev_7afa7b0-9711533/eureka-client/src/test/java/com/netflix/discovery/MockRemoteEurekaServer.java;NONE
/home/paper219/Desktop/analysis/fullsample/projects/eureka/revisions/rev_7afa7b0_9711533/rev_7afa7b0-9711533/eureka-client/src/test/java/com/netflix/discovery/MockRemoteEurekaServer.java;NONE
/home/paper219/Desktop/analysis/fullsample/projects/eureka/revisions/rev_7afa7b0_9711533/rev_7afa7b0-9711533/eureka-client/src/test/java/com/netflix/discovery/MockRemoteEurekaServer.java;NONE
/home/paper219/Desktop/analysis/fullsample/projects/eureka/revisions/rev_7afa7b0_9711533/rev_7afa7b0-9711533/eureka-core/src/main/java/com/netflix/eureka/EurekaBootStrap.java;MINE
/home/paper219/Desktop/analysis/fullsample/projects/eureka/revisions/rev_7afa7b0_9711533/rev_7afa7b0-9711533/eureka-core/src/main/java/com/netflix/eureka/cluster/PeerEurekaNode.java;MINE
/home/paper219/Desktop/analysis/fullsample/projects/eureka/revisions/rev_7afa7b0_9711533/rev_7afa7b0-9711533/eureka-core/src/main/java/com/netflix/eureka/cluster/PeerEurekaNode.java;MINE
/home/paper219/Desktop/analysis/fullsample/projects/eureka/revisions/rev_7afa7b0_9711533/rev_7afa7b0-9711533/eureka-core/src/main/java/com/netflix/eureka/cluster/PeerEurekaNode.java;YOURS
/home/paper219/Desktop/analysis/fullsample/projects/eureka/revisions/rev_491cca0_3f69679/rev_491cca0-3f69679/eureka-core/src/main/java/com/netflix/eureka/util/AwsAsgUtil.java;NONE
/home/paper219/Desktop/analysis/fullsample/projects/eureka/revisions/rev_7c9f6ea_0d7c1b1/rev_7c9f6ea-0d7c1b1/eureka-core/src/main/java/com/netflix/eureka/util/AwsAsgUtil.java;NONE
/home/paper219/Desktop/analysis/fullsample/projects/eureka/revisions/rev_9b180dc_1c2989d/rev_9b180dc-1c2989d/eureka-client/src/main/java/com/netflix/discovery/DiscoveryClient.java;NONE
/home/paper219/Desktop/analysis/fullsample/projects/eureka/revisions/rev_9b180dc_1c2989d/rev_9b180dc-1c2989d/eureka-client/src/main/java/com/netflix/discovery/DiscoveryClient.java;MINE
/home/paper219/Desktop/analysis/fullsample/projects/eureka/revisions/rev_9b180dc_1c2989d/rev_9b180dc-1c2989d/eureka-client/src/main/java/com/netflix/discovery/DiscoveryClient.java;MINE
/home/paper219/Desktop/analysis/fullsample/projects/eureka/revisions/rev_a995b04_c1c4cbe/rev_a995b04-c1c4cbe/eureka-core/src/main/java/com/netflix/eureka/cluster/JerseyReplicationClient.java;NONE
/home/paper219/Desktop/analysis/fullsample/projects/eureka/revisions/rev_a995b04_c1c4cbe/rev_a995b04-c1c4cbe/eureka-client/src/test/java/com/netflix/discovery/converters/EurekaJsonAndXmlJacksonCodecTest.java;NONE
/home/paper219/Desktop/analysis/fullsample/projects/eureka/revisions/rev_90eea3b_1837e04/rev_90eea3b-1837e04/eureka-client/src/main/java/com/netflix/discovery/shared/EurekaJerseyClientImpl.java;YOURS
/home/paper219/Desktop/analysis/fullsample/projects/eureka/revisions/rev_c1c4cbe_dd8d47d/rev_c1c4cbe-dd8d47d/eureka-server/src/test/java/com/netflix/eureka/resources/EurekaClientServerRestIntegrationTest.java;NONE
/home/paper219/Desktop/analysis/fullsample/projects/eureka/revisions/rev_c1c4cbe_dd8d47d/rev_c1c4cbe-dd8d47d/eureka-core/src/main/java/com/netflix/eureka/ServerRequestAuthFilter.java;NONE
/home/paper219/Desktop/analysis/fullsample/projects/eureka/revisions/rev_c1c4cbe_dd8d47d/rev_c1c4cbe-dd8d47d/eureka-core/src/main/java/com/netflix/eureka/ServerRequestAuthFilter.java;NONE
/home/paper219/Desktop/analysis/fullsample/projects/eureka/revisions/rev_c1c4cbe_dd8d47d/rev_c1c4cbe-dd8d47d/eureka-core/src/main/java/com/netflix/eureka/EurekaBootStrap.java;NONE
/home/paper219/Desktop/analysis/fullsample/projects/eureka/revisions/rev_c1c4cbe_dd8d47d/rev_c1c4cbe-dd8d47d/eureka-core/src/main/java/com/netflix/eureka/EurekaBootStrap.java;NONE
/home/paper219/Desktop/analysis/fullsample/projects/eureka/revisions/rev_c1c4cbe_dd8d47d/rev_c1c4cbe-dd8d47d/eureka-core/src/main/java/com/netflix/eureka/EurekaBootStrap.java;NONE
/home/paper219/Desktop/analysis/fullsample/projects/eureka/revisions/rev_c1c4cbe_dd8d47d/rev_c1c4cbe-dd8d47d/eureka-core/src/main/java/com/netflix/eureka/EurekaBootStrap.java;NONE
/home/paper219/Desktop/analysis/fullsample/projects/eureka/revisions/rev_c1c4cbe_dd8d47d/rev_c1c4cbe-dd8d47d/eureka-core/src/main/java/com/netflix/eureka/EurekaBootStrap.java;NONE
/home/paper219/Desktop/analysis/fullsample/projects/eureka/revisions/rev_c1c4cbe_dd8d47d/rev_c1c4cbe-dd8d47d/eureka-core/src/main/java/com/netflix/eureka/EurekaBootStrap.java;NONE
/home/paper219/Desktop/analysis/fullsample/projects/eureka/revisions/rev_c1c4cbe_dd8d47d/rev_c1c4cbe-dd8d47d/eureka-core/src/main/java/com/netflix/eureka/EurekaBootStrap.java;NONE
/home/paper219/Desktop/analysis/fullsample/projects/eureka/revisions/rev_c1c4cbe_dd8d47d/rev_c1c4cbe-dd8d47d/eureka-core/src/main/java/com/netflix/eureka/EurekaBootStrap.java;NONE
/home/paper219/Desktop/analysis/fullsample/projects/eureka/revisions/rev_c1c4cbe_dd8d47d/rev_c1c4cbe-dd8d47d/eureka-core/src/main/java/com/netflix/eureka/EurekaBootStrap.java;NONE
/home/paper219/Desktop/analysis/fullsample/projects/eureka/revisions/rev_c1c4cbe_dd8d47d/rev_c1c4cbe-dd8d47d/eureka-core/src/main/java/com/netflix/eureka/EurekaBootStrap.java;NONE
/home/paper219/Desktop/analysis/fullsample/projects/eureka/revisions/rev_c1c4cbe_dd8d47d/rev_c1c4cbe-dd8d47d/eureka-core/src/main/java/com/netflix/eureka/EurekaBootStrap.java;NONE
/home/paper219/Desktop/analysis/fullsample/projects/eureka/revisions/rev_c1c4cbe_dd8d47d/rev_c1c4cbe-dd8d47d/eureka-core/src/main/java/com/netflix/eureka/EurekaBootStrap.java;NONE
/home/paper219/Desktop/analysis/fullsample/projects/eureka/revisions/rev_c1c4cbe_dd8d47d/rev_c1c4cbe-dd8d47d/eureka-core/src/main/java/com/netflix/eureka/EurekaBootStrap.java;NONE
/home/paper219/Desktop/analysis/fullsample/projects/eureka/revisions/rev_c1c4cbe_dd8d47d/rev_c1c4cbe-dd8d47d/eureka-core/src/main/java/com/netflix/eureka/EurekaBootStrap.java;NONE
/home/paper219/Desktop/analysis/fullsample/projects/eureka/revisions/rev_c1c4cbe_dd8d47d/rev_c1c4cbe-dd8d47d/eureka-core/src/main/java/com/netflix/eureka/EurekaBootStrap.java;NONE
/home/paper219/Desktop/analysis/fullsample/projects/eureka/revisions/rev_c1c4cbe_dd8d47d/rev_c1c4cbe-dd8d47d/eureka-core/src/main/java/com/netflix/eureka/EurekaBootStrap.java;NONE
/home/paper219/Desktop/analysis/fullsample/projects/eureka/revisions/rev_c1c4cbe_dd8d47d/rev_c1c4cbe-dd8d47d/eureka-core/src/main/java/com/netflix/eureka/RateLimitingFilter.java;NONE
/home/paper219/Desktop/analysis/fullsample/projects/eureka/revisions/rev_c1c4cbe_dd8d47d/rev_c1c4cbe-dd8d47d/eureka-core/src/main/java/com/netflix/eureka/RateLimitingFilter.java;NONE
/home/paper219/Desktop/analysis/fullsample/projects/eureka/revisions/rev_c1c4cbe_dd8d47d/rev_c1c4cbe-dd8d47d/eureka-core/src/main/java/com/netflix/eureka/RateLimitingFilter.java;NONE
/home/paper219/Desktop/analysis/fullsample/projects/eureka/revisions/rev_c1c4cbe_dd8d47d/rev_c1c4cbe-dd8d47d/eureka-core/src/main/java/com/netflix/eureka/RateLimitingFilter.java;NONE
/home/paper219/Desktop/analysis/fullsample/projects/eureka/revisions/rev_c1c4cbe_dd8d47d/rev_c1c4cbe-dd8d47d/eureka-core/src/main/java/com/netflix/eureka/RateLimitingFilter.java;NONE
/home/paper219/Desktop/analysis/fullsample/projects/eureka/revisions/rev_c1c4cbe_dd8d47d/rev_c1c4cbe-dd8d47d/eureka-core/src/main/java/com/netflix/eureka/EurekaServerConfig.java;NONE
/home/paper219/Desktop/analysis/fullsample/projects/eureka/revisions/rev_c1c4cbe_dd8d47d/rev_c1c4cbe-dd8d47d/eureka-core/src/main/java/com/netflix/eureka/cluster/JerseyReplicationClient.java;NONE
/home/paper219/Desktop/analysis/fullsample/projects/eureka/revisions/rev_c1c4cbe_dd8d47d/rev_c1c4cbe-dd8d47d/eureka-core/src/main/java/com/netflix/eureka/StatusFilter.java;NONE
/home/paper219/Desktop/analysis/fullsample/projects/eureka/revisions/rev_c1c4cbe_dd8d47d/rev_c1c4cbe-dd8d47d/eureka-core/src/main/java/com/netflix/eureka/resources/AbstractVIPResource.java;NONE
/home/paper219/Desktop/analysis/fullsample/projects/eureka/revisions/rev_c1c4cbe_dd8d47d/rev_c1c4cbe-dd8d47d/eureka-core/src/main/java/com/netflix/eureka/resources/AbstractVIPResource.java;NONE
/home/paper219/Desktop/analysis/fullsample/projects/eureka/revisions/rev_c1c4cbe_dd8d47d/rev_c1c4cbe-dd8d47d/eureka-core/src/main/java/com/netflix/eureka/resources/AbstractVIPResource.java;NONE
/home/paper219/Desktop/analysis/fullsample/projects/eureka/revisions/rev_c1c4cbe_dd8d47d/rev_c1c4cbe-dd8d47d/eureka-core/src/main/java/com/netflix/eureka/resources/AbstractVIPResource.java;NONE
/home/paper219/Desktop/analysis/fullsample/projects/eureka/revisions/rev_c1c4cbe_dd8d47d/rev_c1c4cbe-dd8d47d/eureka-core/src/main/java/com/netflix/eureka/resources/AbstractVIPResource.java;NONE
/home/paper219/Desktop/analysis/fullsample/projects/eureka/revisions/rev_c1c4cbe_dd8d47d/rev_c1c4cbe-dd8d47d/eureka-core/src/main/java/com/netflix/eureka/resources/StatusResource.java;NONE
/home/paper219/Desktop/analysis/fullsample/projects/eureka/revisions/rev_c1c4cbe_dd8d47d/rev_c1c4cbe-dd8d47d/eureka-core/src/main/java/com/netflix/eureka/resources/StatusResource.java;NONE
/home/paper219/Desktop/analysis/fullsample/projects/eureka/revisions/rev_c1c4cbe_dd8d47d/rev_c1c4cbe-dd8d47d/eureka-core/src/main/java/com/netflix/eureka/resources/InstanceResource.java;NONE
/home/paper219/Desktop/analysis/fullsample/projects/eureka/revisions/rev_c1c4cbe_dd8d47d/rev_c1c4cbe-dd8d47d/eureka-core/src/main/java/com/netflix/eureka/resources/InstanceResource.java;NONE
/home/paper219/Desktop/analysis/fullsample/projects/eureka/revisions/rev_c1c4cbe_dd8d47d/rev_c1c4cbe-dd8d47d/eureka-core/src/main/java/com/netflix/eureka/resources/ASGResource.java;NONE
/home/paper219/Desktop/analysis/fullsample/projects/eureka/revisions/rev_c1c4cbe_dd8d47d/rev_c1c4cbe-dd8d47d/eureka-core/src/main/java/com/netflix/eureka/resources/ASGResource.java;NONE
/home/paper219/Desktop/analysis/fullsample/projects/eureka/revisions/rev_c1c4cbe_dd8d47d/rev_c1c4cbe-dd8d47d/eureka-core/src/main/java/com/netflix/eureka/resources/ASGResource.java;NONE
/home/paper219/Desktop/analysis/fullsample/projects/eureka/revisions/rev_c1c4cbe_dd8d47d/rev_c1c4cbe-dd8d47d/eureka-core/src/main/java/com/netflix/eureka/resources/ASGResource.java;NONE
/home/paper219/Desktop/analysis/fullsample/projects/eureka/revisions/rev_c1c4cbe_dd8d47d/rev_c1c4cbe-dd8d47d/eureka-core/src/main/java/com/netflix/eureka/resources/ASGResource.java;NONE
/home/paper219/Desktop/analysis/fullsample/projects/eureka/revisions/rev_c1c4cbe_dd8d47d/rev_c1c4cbe-dd8d47d/eureka-core/src/main/java/com/netflix/eureka/resources/ApplicationResource.java;NONE
/home/paper219/Desktop/analysis/fullsample/projects/eureka/revisions/rev_c1c4cbe_dd8d47d/rev_c1c4cbe-dd8d47d/eureka-core/src/main/java/com/netflix/eureka/resources/ApplicationResource.java;NONE
/home/paper219/Desktop/analysis/fullsample/projects/eureka/revisions/rev_c1c4cbe_dd8d47d/rev_c1c4cbe-dd8d47d/eureka-core/src/main/java/com/netflix/eureka/resources/ApplicationResource.java;NONE
/home/paper219/Desktop/analysis/fullsample/projects/eureka/revisions/rev_c1c4cbe_dd8d47d/rev_c1c4cbe-dd8d47d/eureka-core/src/main/java/com/netflix/eureka/resources/ApplicationResource.java;NONE
/home/paper219/Desktop/analysis/fullsample/projects/eureka/revisions/rev_c1c4cbe_dd8d47d/rev_c1c4cbe-dd8d47d/eureka-core/src/main/java/com/netflix/eureka/resources/VIPResource.java;NONE
/home/paper219/Desktop/analysis/fullsample/projects/eureka/revisions/rev_c1c4cbe_dd8d47d/rev_c1c4cbe-dd8d47d/eureka-core/src/main/java/com/netflix/eureka/resources/PeerReplicationResource.java;NONE
/home/paper219/Desktop/analysis/fullsample/projects/eureka/revisions/rev_c1c4cbe_dd8d47d/rev_c1c4cbe-dd8d47d/eureka-core/src/main/java/com/netflix/eureka/resources/PeerReplicationResource.java;NONE
/home/paper219/Desktop/analysis/fullsample/projects/eureka/revisions/rev_c1c4cbe_dd8d47d/rev_c1c4cbe-dd8d47d/eureka-core/src/main/java/com/netflix/eureka/resources/SecureVIPResource.java;NONE
/home/paper219/Desktop/analysis/fullsample/projects/eureka/revisions/rev_c1c4cbe_dd8d47d/rev_c1c4cbe-dd8d47d/eureka-core/src/test/java/com/netflix/eureka/RateLimitingFilterTest.java;NONE
/home/paper219/Desktop/analysis/fullsample/projects/eureka/revisions/rev_c1c4cbe_dd8d47d/rev_c1c4cbe-dd8d47d/eureka-core/src/test/java/com/netflix/eureka/RateLimitingFilterTest.java;NONE
/home/paper219/Desktop/analysis/fullsample/projects/eureka/revisions/rev_c1c4cbe_dd8d47d/rev_c1c4cbe-dd8d47d/eureka-core/src/test/java/com/netflix/eureka/mock/MockRemoteEurekaServer.java;NONE
/home/paper219/Desktop/analysis/fullsample/projects/eureka/revisions/rev_c1c4cbe_dd8d47d/rev_c1c4cbe-dd8d47d/eureka-core/src/test/java/com/netflix/eureka/cluster/JerseyReplicationClientTest.java;NONE
/home/paper219/Desktop/analysis/fullsample/projects/eureka/revisions/rev_c1c4cbe_dd8d47d/rev_c1c4cbe-dd8d47d/eureka-core/src/test/java/com/netflix/eureka/AbstractTester.java;NONE
/home/paper219/Desktop/analysis/fullsample/projects/eureka/revisions/rev_c1c4cbe_dd8d47d/rev_c1c4cbe-dd8d47d/eureka-core/src/test/java/com/netflix/eureka/AbstractTester.java;NONE
/home/paper219/Desktop/analysis/fullsample/projects/eureka/revisions/rev_c1c4cbe_dd8d47d/rev_c1c4cbe-dd8d47d/eureka-core/src/test/java/com/netflix/eureka/AbstractTester.java;NONE
/home/paper219/Desktop/analysis/fullsample/projects/eureka/revisions/rev_c1c4cbe_dd8d47d/rev_c1c4cbe-dd8d47d/eureka-core/src/test/java/com/netflix/eureka/AbstractTester.java;NONE
/home/paper219/Desktop/analysis/fullsample/projects/eureka/revisions/rev_c1c4cbe_dd8d47d/rev_c1c4cbe-dd8d47d/eureka-core/src/test/java/com/netflix/eureka/resources/ApplicationsResourceTest.java;NONE
/home/paper219/Desktop/analysis/fullsample/projects/eureka/revisions/rev_c1c4cbe_dd8d47d/rev_c1c4cbe-dd8d47d/eureka-core/src/test/java/com/netflix/eureka/resources/ApplicationsResourceTest.java;NONE
/home/paper219/Desktop/analysis/fullsample/projects/eureka/revisions/rev_c1c4cbe_dd8d47d/rev_c1c4cbe-dd8d47d/eureka-core/src/test/java/com/netflix/eureka/resources/AbstractVIPResourceTest.java;NONE
/home/paper219/Desktop/analysis/fullsample/projects/eureka/revisions/rev_c1c4cbe_dd8d47d/rev_c1c4cbe-dd8d47d/eureka-core/src/test/java/com/netflix/eureka/resources/AbstractVIPResourceTest.java;NONE
/home/paper219/Desktop/analysis/fullsample/projects/eureka/revisions/rev_c1c4cbe_dd8d47d/rev_c1c4cbe-dd8d47d/eureka-core/src/test/java/com/netflix/eureka/resources/AbstractVIPResourceTest.java;NONE
/home/paper219/Desktop/analysis/fullsample/projects/eureka/revisions/rev_c1c4cbe_dd8d47d/rev_c1c4cbe-dd8d47d/eureka-core/src/test/java/com/netflix/eureka/resources/AbstractVIPResourceTest.java;NONE
/home/paper219/Desktop/analysis/fullsample/projects/eureka/revisions/rev_c1c4cbe_dd8d47d/rev_c1c4cbe-dd8d47d/eureka-core/src/test/java/com/netflix/eureka/resources/InstanceResourceTest.java;NONE
/home/paper219/Desktop/analysis/fullsample/projects/eureka/revisions/rev_c1c4cbe_dd8d47d/rev_c1c4cbe-dd8d47d/eureka-core/src/test/java/com/netflix/eureka/resources/ApplicationResourceTest.java;NONE
/home/paper219/Desktop/analysis/fullsample/projects/eureka/revisions/rev_c1c4cbe_dd8d47d/rev_c1c4cbe-dd8d47d/eureka-core/src/test/java/com/netflix/eureka/resources/ApplicationResourceTest.java;NONE
/home/paper219/Desktop/analysis/fullsample/projects/eureka/revisions/rev_c1c4cbe_dd8d47d/rev_c1c4cbe-dd8d47d/eureka-core/src/test/java/com/netflix/eureka/resources/PeerReplicationResourceTest.java;NONE
/home/paper219/Desktop/analysis/fullsample/projects/eureka/revisions/rev_c1c4cbe_dd8d47d/rev_c1c4cbe-dd8d47d/eureka-client/src/main/java/com/netflix/appinfo/ApplicationInfoManager.java;NONE
/home/paper219/Desktop/analysis/fullsample/projects/eureka/revisions/rev_c1c4cbe_dd8d47d/rev_c1c4cbe-dd8d47d/eureka-client/src/main/java/com/netflix/discovery/PropertyBasedAzToRegionMapper.java;NONE
/home/paper219/Desktop/analysis/fullsample/projects/eureka/revisions/rev_c1c4cbe_dd8d47d/rev_c1c4cbe-dd8d47d/eureka-client/src/main/java/com/netflix/discovery/AbstractAzToRegionMapper.java;NONE
/home/paper219/Desktop/analysis/fullsample/projects/eureka/revisions/rev_c1c4cbe_dd8d47d/rev_c1c4cbe-dd8d47d/eureka-client/src/main/java/com/netflix/discovery/EurekaClient.java;NONE
/home/paper219/Desktop/analysis/fullsample/projects/eureka/revisions/rev_c1c4cbe_dd8d47d/rev_c1c4cbe-dd8d47d/eureka-client/src/main/java/com/netflix/discovery/DiscoveryClient.java;NONE
/home/paper219/Desktop/analysis/fullsample/projects/eureka/revisions/rev_c1c4cbe_dd8d47d/rev_c1c4cbe-dd8d47d/eureka-client/src/main/java/com/netflix/discovery/DiscoveryClient.java;NONE
/home/paper219/Desktop/analysis/fullsample/projects/eureka/revisions/rev_c1c4cbe_dd8d47d/rev_c1c4cbe-dd8d47d/eureka-client/src/main/java/com/netflix/discovery/DiscoveryClient.java;NONE
/home/paper219/Desktop/analysis/fullsample/projects/eureka/revisions/rev_c1c4cbe_dd8d47d/rev_c1c4cbe-dd8d47d/eureka-client/src/main/java/com/netflix/discovery/DiscoveryClient.java;NONE
/home/paper219/Desktop/analysis/fullsample/projects/eureka/revisions/rev_c1c4cbe_dd8d47d/rev_c1c4cbe-dd8d47d/eureka-client/src/main/java/com/netflix/discovery/DiscoveryClient.java;NONE
/home/paper219/Desktop/analysis/fullsample/projects/eureka/revisions/rev_c1c4cbe_dd8d47d/rev_c1c4cbe-dd8d47d/eureka-client/src/main/java/com/netflix/discovery/DiscoveryClient.java;NONE
/home/paper219/Desktop/analysis/fullsample/projects/eureka/revisions/rev_c1c4cbe_dd8d47d/rev_c1c4cbe-dd8d47d/eureka-client/src/main/java/com/netflix/discovery/DiscoveryClient.java;NONE
/home/paper219/Desktop/analysis/fullsample/projects/eureka/revisions/rev_c1c4cbe_dd8d47d/rev_c1c4cbe-dd8d47d/eureka-client/src/main/java/com/netflix/discovery/DiscoveryClient.java;NONE
/home/paper219/Desktop/analysis/fullsample/projects/eureka/revisions/rev_c1c4cbe_dd8d47d/rev_c1c4cbe-dd8d47d/eureka-client/src/main/java/com/netflix/discovery/DiscoveryClient.java;NONE
/home/paper219/Desktop/analysis/fullsample/projects/eureka/revisions/rev_c1c4cbe_dd8d47d/rev_c1c4cbe-dd8d47d/eureka-client/src/main/java/com/netflix/discovery/NotImplementedRegistryImpl.java;NONE
/home/paper219/Desktop/analysis/fullsample/projects/eureka/revisions/rev_c1c4cbe_dd8d47d/rev_c1c4cbe-dd8d47d/eureka-client/src/main/java/com/netflix/discovery/NotImplementedRegistryImpl.java;NONE
/home/paper219/Desktop/analysis/fullsample/projects/eureka/revisions/rev_c1c4cbe_dd8d47d/rev_c1c4cbe-dd8d47d/eureka-core/src/main/java/com/netflix/eureka/ServerRequestAuthFilter.java;MINE
/home/paper219/Desktop/analysis/fullsample/projects/eureka/revisions/rev_c1c4cbe_dd8d47d/rev_c1c4cbe-dd8d47d/eureka-core/src/main/java/com/netflix/eureka/EurekaBootStrap.java;MINE
/home/paper219/Desktop/analysis/fullsample/projects/eureka/revisions/rev_c1c4cbe_dd8d47d/rev_c1c4cbe-dd8d47d/eureka-core/src/main/java/com/netflix/eureka/EurekaBootStrap.java;YOURS
/home/paper219/Desktop/analysis/fullsample/projects/eureka/revisions/rev_c1c4cbe_dd8d47d/rev_c1c4cbe-dd8d47d/eureka-core/src/main/java/com/netflix/eureka/EurekaBootStrap.java;MINE
/home/paper219/Desktop/analysis/fullsample/projects/eureka/revisions/rev_c1c4cbe_dd8d47d/rev_c1c4cbe-dd8d47d/eureka-core/src/main/java/com/netflix/eureka/RateLimitingFilter.java;MINE
/home/paper219/Desktop/analysis/fullsample/projects/eureka/revisions/rev_c1c4cbe_dd8d47d/rev_c1c4cbe-dd8d47d/eureka-core/src/main/java/com/netflix/eureka/RateLimitingFilter.java;MINE
/home/paper219/Desktop/analysis/fullsample/projects/eureka/revisions/rev_c1c4cbe_dd8d47d/rev_c1c4cbe-dd8d47d/eureka-core/src/main/java/com/netflix/eureka/EurekaServerConfig.java;MINE
/home/paper219/Desktop/analysis/fullsample/projects/eureka/revisions/rev_c1c4cbe_dd8d47d/rev_c1c4cbe-dd8d47d/eureka-core/src/main/java/com/netflix/eureka/cluster/JerseyReplicationClient.java;MINE
/home/paper219/Desktop/analysis/fullsample/projects/eureka/revisions/rev_c1c4cbe_dd8d47d/rev_c1c4cbe-dd8d47d/eureka-core/src/main/java/com/netflix/eureka/StatusFilter.java;MINE
/home/paper219/Desktop/analysis/fullsample/projects/eureka/revisions/rev_c1c4cbe_dd8d47d/rev_c1c4cbe-dd8d47d/eureka-core/src/main/java/com/netflix/eureka/resources/StatusResource.java;NONE
/home/paper219/Desktop/analysis/fullsample/projects/eureka/revisions/rev_c1c4cbe_dd8d47d/rev_c1c4cbe-dd8d47d/eureka-core/src/main/java/com/netflix/eureka/resources/InstanceResource.java;MINE
/home/paper219/Desktop/analysis/fullsample/projects/eureka/revisions/rev_c1c4cbe_dd8d47d/rev_c1c4cbe-dd8d47d/eureka-core/src/main/java/com/netflix/eureka/resources/ASGResource.java;MINE
/home/paper219/Desktop/analysis/fullsample/projects/eureka/revisions/rev_c1c4cbe_dd8d47d/rev_c1c4cbe-dd8d47d/eureka-core/src/main/java/com/netflix/eureka/resources/ApplicationResource.java;MINE
/home/paper219/Desktop/analysis/fullsample/projects/eureka/revisions/rev_c1c4cbe_dd8d47d/rev_c1c4cbe-dd8d47d/eureka-core/src/main/java/com/netflix/eureka/DefaultEurekaServerConfig.java;MINE
/home/paper219/Desktop/analysis/fullsample/projects/eureka/revisions/rev_c1c4cbe_dd8d47d/rev_c1c4cbe-dd8d47d/eureka-core/src/main/java/com/netflix/eureka/DefaultEurekaServerConfig.java;MINE
/home/paper219/Desktop/analysis/fullsample/projects/eureka/revisions/rev_c1c4cbe_dd8d47d/rev_c1c4cbe-dd8d47d/eureka-client/src/main/java/com/netflix/discovery/shared/EurekaJerseyClientImpl.java;YOURS
/home/paper219/Desktop/analysis/fullsample/projects/eureka/revisions/rev_c1c4cbe_dd8d47d/rev_c1c4cbe-dd8d47d/eureka-client/src/main/java/com/netflix/discovery/EurekaClient.java;MINE
/home/paper219/Desktop/analysis/fullsample/projects/eureka/revisions/rev_c1c4cbe_dd8d47d/rev_c1c4cbe-dd8d47d/eureka-client/src/main/java/com/netflix/discovery/EurekaClient.java;MINE
/home/paper219/Desktop/analysis/fullsample/projects/eureka/revisions/rev_c1c4cbe_dd8d47d/rev_c1c4cbe-dd8d47d/eureka-client/src/main/java/com/netflix/discovery/EurekaClient.java;MINE
/home/paper219/Desktop/analysis/fullsample/projects/eureka/revisions/rev_c1c4cbe_dd8d47d/rev_c1c4cbe-dd8d47d/eureka-client/src/main/java/com/netflix/discovery/EurekaClient.java;MINE
/home/paper219/Desktop/analysis/fullsample/projects/eureka/revisions/rev_c1c4cbe_dd8d47d/rev_c1c4cbe-dd8d47d/eureka-client/src/main/java/com/netflix/discovery/EurekaClient.java;MINE
/home/paper219/Desktop/analysis/fullsample/projects/eureka/revisions/rev_c1c4cbe_dd8d47d/rev_c1c4cbe-dd8d47d/eureka-client/src/main/java/com/netflix/discovery/DiscoveryClient.java;YOURS
/home/paper219/Desktop/analysis/fullsample/projects/eureka/revisions/rev_c1c4cbe_dd8d47d/rev_c1c4cbe-dd8d47d/eureka-client/src/main/java/com/netflix/discovery/DiscoveryClient.java;MINE
/home/paper219/Desktop/analysis/fullsample/projects/eureka/revisions/rev_c1c4cbe_dd8d47d/rev_c1c4cbe-dd8d47d/eureka-client/src/main/java/com/netflix/discovery/DiscoveryClient.java;MINE
/home/paper219/Desktop/analysis/fullsample/projects/eureka/revisions/rev_c1c4cbe_dd8d47d/rev_c1c4cbe-dd8d47d/eureka-client/src/main/java/com/netflix/discovery/DiscoveryClient.java;MINE
/home/paper219/Desktop/analysis/fullsample/projects/eureka/revisions/rev_c1c4cbe_dd8d47d/rev_c1c4cbe-dd8d47d/eureka-client/src/main/java/com/netflix/discovery/DiscoveryClient.java;MINE
/home/paper219/Desktop/analysis/fullsample/projects/eureka/revisions/rev_c1c4cbe_dd8d47d/rev_c1c4cbe-dd8d47d/eureka-client/src/main/java/com/netflix/discovery/DiscoveryClient.java;MINE
/home/paper219/Desktop/analysis/fullsample/projects/eureka/revisions/rev_c1c4cbe_dd8d47d/rev_c1c4cbe-dd8d47d/eureka-client/src/main/java/com/netflix/discovery/DiscoveryClient.java;MINE
/home/paper219/Desktop/analysis/fullsample/projects/eureka/revisions/rev_c1c4cbe_dd8d47d/rev_c1c4cbe-dd8d47d/eureka-client/src/main/java/com/netflix/discovery/DiscoveryClient.java;NONE
/home/paper219/Desktop/analysis/fullsample/projects/eureka/revisions/rev_c1c4cbe_dd8d47d/rev_c1c4cbe-dd8d47d/eureka-client/src/main/java/com/netflix/discovery/DiscoveryClient.java;MINE
/home/paper219/Desktop/analysis/fullsample/projects/eureka/revisions/rev_c1c4cbe_dd8d47d/rev_c1c4cbe-dd8d47d/eureka-client/src/main/java/com/netflix/discovery/DiscoveryClient.java;MINE
/home/paper219/Desktop/analysis/fullsample/projects/eureka/revisions/rev_c1c4cbe_dd8d47d/rev_c1c4cbe-dd8d47d/eureka-client/src/main/java/com/netflix/discovery/DiscoveryClient.java;YOURS
/home/paper219/Desktop/analysis/fullsample/projects/eureka/revisions/rev_c1c4cbe_dd8d47d/rev_c1c4cbe-dd8d47d/eureka-client/src/main/java/com/netflix/discovery/DiscoveryClient.java;MINE
/home/paper219/Desktop/analysis/fullsample/projects/eureka/revisions/rev_2529120_333a91e/rev_2529120-333a91e/eureka-core/src/main/java/com/netflix/eureka/cluster/ReplicationTaskProcessor.java;NONE
/home/paper219/Desktop/analysis/fullsample/projects/eureka/revisions/rev_2529120_333a91e/rev_2529120-333a91e/eureka-client-archaius2/src/main/java/com/netflix/discovery/EurekaArchaius2ClientConfig.java;NONE
/home/paper219/Desktop/analysis/fullsample/projects/eureka/revisions/rev_2529120_333a91e/rev_2529120-333a91e/eureka-client-archaius2/src/main/java/com/netflix/discovery/EurekaArchaius2ClientConfig.java;NONE
/home/paper219/Desktop/analysis/fullsample/projects/eureka/revisions/rev_2529120_333a91e/rev_2529120-333a91e/eureka-client-archaius2/src/main/java/com/netflix/discovery/EurekaArchaius2ClientConfig.java;NONE
/home/paper219/Desktop/analysis/fullsample/projects/eureka/revisions/rev_2529120_333a91e/rev_2529120-333a91e/eureka-client-archaius2/src/main/java/com/netflix/discovery/EurekaArchaius2ClientConfig.java;NONE
/home/paper219/Desktop/analysis/fullsample/projects/eureka/revisions/rev_2529120_333a91e/rev_2529120-333a91e/eureka-client-archaius2/src/main/java/com/netflix/discovery/EurekaArchaius2ClientConfig.java;NONE
/home/paper219/Desktop/analysis/fullsample/projects/eureka/revisions/rev_2529120_333a91e/rev_2529120-333a91e/eureka-client-archaius2/src/main/java/com/netflix/discovery/EurekaArchaius2ClientConfig.java;NONE
/home/paper219/Desktop/analysis/fullsample/projects/eureka/revisions/rev_2529120_333a91e/rev_2529120-333a91e/eureka-client-archaius2/src/main/java/com/netflix/discovery/EurekaArchaius2ClientConfig.java;NONE
/home/paper219/Desktop/analysis/fullsample/projects/eureka/revisions/rev_2529120_333a91e/rev_2529120-333a91e/eureka-client-archaius2/src/main/java/com/netflix/discovery/EurekaArchaius2ClientConfig.java;NONE
/home/paper219/Desktop/analysis/fullsample/projects/eureka/revisions/rev_2529120_333a91e/rev_2529120-333a91e/eureka-client-archaius2/src/main/java/com/netflix/discovery/EurekaArchaius2ClientConfig.java;NONE
/home/paper219/Desktop/analysis/fullsample/projects/eureka/revisions/rev_2529120_333a91e/rev_2529120-333a91e/eureka-client-archaius2/src/main/java/com/netflix/discovery/EurekaArchaius2ClientConfig.java;NONE
/home/paper219/Desktop/analysis/fullsample/projects/eureka/revisions/rev_2529120_333a91e/rev_2529120-333a91e/eureka-client-archaius2/src/main/java/com/netflix/discovery/EurekaArchaius2ClientConfig.java;NONE
/home/paper219/Desktop/analysis/fullsample/projects/eureka/revisions/rev_2529120_333a91e/rev_2529120-333a91e/eureka-client-archaius2/src/main/java/com/netflix/discovery/EurekaArchaius2ClientConfig.java;NONE
/home/paper219/Desktop/analysis/fullsample/projects/eureka/revisions/rev_2529120_333a91e/rev_2529120-333a91e/eureka-client-archaius2/src/main/java/com/netflix/discovery/EurekaArchaius2ClientConfig.java;NONE
/home/paper219/Desktop/analysis/fullsample/projects/eureka/revisions/rev_2529120_333a91e/rev_2529120-333a91e/eureka-core/src/main/java/com/netflix/eureka/cluster/ReplicationTaskProcessor.java;YOURS
/home/paper219/Desktop/analysis/fullsample/projects/eureka/revisions/rev_b49487b_7fadaa1/rev_b49487b-7fadaa1/eureka-core/src/main/java/com/netflix/eureka/resources/StatusResource.java;NONE
/home/paper219/Desktop/analysis/fullsample/projects/eureka/revisions/rev_0f89d2a_f35b620/rev_0f89d2a-f35b620/eureka-core/src/main/java/com/netflix/eureka/aws/EIPManager.java;NONE
/home/paper219/Desktop/analysis/fullsample/projects/eureka/revisions/rev_f35b620_0f89d2a/rev_f35b620-0f89d2a/eureka-core/src/main/java/com/netflix/eureka/aws/EIPManager.java;NONE
/home/paper219/Desktop/analysis/fullsample/projects/eureka/revisions/rev_203fa01_9950fce/rev_203fa01-9950fce/eureka-core/src/main/java/com/netflix/eureka/util/StatusUtil.java;NONE
/home/paper219/Desktop/analysis/fullsample/projects/eureka/revisions/rev_203fa01_9950fce/rev_203fa01-9950fce/eureka-core/src/main/java/com/netflix/eureka/util/StatusUtil.java;YOURS
